,Title,IMSDB-Genres,Writers,Movie-Title,IMDB-ID,Filename,BOM-url,Distributor,OW-Revenue,OW-Opens,Release-Date,Days-in-Release,MPAA,Runtime,Genres,Widest-Release,Domestic-Total,WorldWide-Total,Budget
2,12 and Holding,['Drama'],['Anthony Cipriano'],12_and_Holding,417385,./data/IMSDB/texts/12_and_Holding.txt,https://www.boxofficemojo.com/release/rl309757441,IFC Films,"11,456",3,"May 19, 2006",227 days,R,95.0,['Drama'],15,"96,464","119,195",
6,15 Minutes,"['Action', 'Crime', 'Thriller']",['John Hertzfield'],15_Minutes,179626,./data/IMSDB/texts/15_Minutes.txt,,,,,,,,,,,,,
8,187,['Drama'],['Scott Yagemann'],187,118531,./data/IMSDB/texts/187.txt,https://www.boxofficemojo.com/release/rl54625793,Warner Bros.,"2,222,984","1,121","Jul 30, 1997",155 days,R,119.0,"['Drama', 'Thriller']","1,121","5,727,130","5,727,130",
15,44 Inch Chest,"['Crime', 'Drama']","['Louis Mellis', 'David Scinto']",44_Inch_Chest,914837,./data/IMSDB/texts/44_Inch_Chest.txt,,,,,,,,,,,,,
16,48 Hrs.,"['Action', 'Comedy', 'Thriller']","['Steven E. De Souza', 'Walter Hill', 'Roger Spottiswoode', 'Larry Gross', 'Jeb Stuart']",48_Hrs,83511,./data/IMSDB/texts/48_Hrs.txt,https://www.boxofficemojo.com/release/rl4030825985,Paramount Pictures,"4,369,868",850,"Dec 10, 1982",387 days,,96.0,"['Action', 'Comedy', 'Crime', 'Drama', 'Thriller']","1,050","78,868,508","78,868,508",
17,50-50,"['Comedy', 'Drama']",['Will Reiser'],50-50,483971,./data/IMSDB/texts/50-50.txt,,,,,,,,,,,,,
23,A Prayer Before Dawn,"['Crime', 'Drama']",['Jonathan Hirschbein'],A_Prayer_Before_Dawn,4080956,./data/IMSDB/texts/A_Prayer_Before_Dawn.txt,https://www.boxofficemojo.com/release/rl1543865857,A24,"14,453",13,"Aug 10, 2018",144 days,R,116.0,"['Action', 'Biography', 'Crime', 'Drama', 'Sport']",13,"14,453","958,883",
27,Above the Law,['Action'],"['Steven Pressfield', 'Ronald Shusett', 'Andrew Davis', 'Steven Seagal']",Above_the_Law,94602,./data/IMSDB/texts/Above_the_Law.txt,https://www.boxofficemojo.com/release/rl306218497,Warner Bros.,"2,037,938",350,"(Wide)Apr 8, 1988",268 days,,99.0,"['Action', 'Crime', 'Drama', 'Mystery', 'Thriller']",868,"18,869,631","18,869,631",
33,"Adventures of Buckaroo Banzai Across the Eighth Dimension, The","['Adventure', 'Comedy', 'Romance', 'Sci-Fi']",['Earl Mac Rauch'],Adventures_of_Buckaroo_Banzai_Across_the_Eighth_Dimension,86856,./data/IMSDB/texts/Adventures_of_Buckaroo_Banzai_Across_the_Eighth_Dimension.txt,https://www.boxofficemojo.com/release/rl2856945153,Twentieth Century Fox,"620,279",236,"Aug 10, 1984",147 days,,103.0,"['Adventure', 'Comedy', 'Romance', 'Sci-Fi']",236,"6,254,148","6,254,148",
35,After School Special,['Comedy'],['David H. Steinberg'],After_School_Special,302297,./data/IMSDB/texts/After_School_Special.txt,https://www.boxofficemojo.com/release/rl4282746369,Sony Pictures Entertainment (SPE),"15,766",20,"Oct 21, 2005",72 days,R,90.0,['Comedy'],20,"26,511","83,439",
37,Agnes of God,"['Drama', 'Mystery']",['John Pielmeier'],Agnes_of_God,88683,./data/IMSDB/texts/Agnes_of_God.txt,https://www.boxofficemojo.com/release/rl2621474305,Columbia Pictures,"221,552",8,"(Wide)Sep 13, 1985",112 days,,98.0,"['Drama', 'Mystery']",646,"25,627,836","25,627,836",
38,Airplane,"['Comedy', 'Romance']","['Jim Abrahams', ' David Zucker', 'Jerry Zucker']",Airplane,80339,./data/IMSDB/texts/Airplane.txt,,,,,,,,,,,,,
39,Airplane 2: The Sequel,"['Comedy', 'Sci-Fi']",['Ken Finkleman'],Airplane_2:_The_Sequel,83530,./data/IMSDB/texts/Airplane_2:_The_Sequel.txt,https://www.boxofficemojo.com/release/rl2252375553,Paramount Pictures,"5,329,208","1,150","Dec 10, 1982",387 days,,85.0,"['Comedy', 'Sci-Fi']","1,300","27,150,534","27,150,534",
44,Alien Nation,"['Crime', 'Drama', 'Sci-Fi']","[""Rockne O'Bannon"", 'James Cameron']",Alien_Nation,94631,./data/IMSDB/texts/Alien_Nation.txt,https://www.boxofficemojo.com/release/rl3275785729,Twentieth Century Fox,"8,421,429","1,430","Oct 7, 1988",91 days,,91.0,"['Action', 'Sci-Fi']","1,436","25,216,243","32,155,047",
48,All About Eve,['Drama'],['Joseph Mankiewicz'],All_About_Eve,42192,./data/IMSDB/texts/All_About_Eve.txt,,,,,,,,,,,,,
50,All the King's Men,['Drama'],['Robert Rossen'],All_the_King's_Men,41113,./data/IMSDB/texts/All_the_King's_Men.txt,,,,,,,,,,,,,
51,All the President's Men,"['Drama', 'Thriller']",['William Goldman'],All_the_President's_Men,74119,./data/IMSDB/texts/All_the_President's_Men.txt,,,,,,,,,,,,,
58,American Graffiti,"['Comedy', 'Drama']","['George Lucas', 'Gloria Katz', 'Willard Huyck']",American_Graffiti,69704,./data/IMSDB/texts/American_Graffiti.txt,,,,,,,,,,,,,
59,American History X,"['Crime', 'Drama', 'Thriller']",['David McKenna'],American_History_X,120586,./data/IMSDB/texts/American_History_X.txt,,,,,,,,,,,,,
62,American Milkshake,['Comedy'],"['David Andalman', 'Mariko Munro']",American_Milkshake,11347410,./data/IMSDB/texts/American_Milkshake.txt,,,,,,,,,,,,,
67,American Shaolin: King of Kickboxers II,['Action'],['Keith Strandburg'],American_Shaolin:_King_of_Kickboxers_II,101327,./data/IMSDB/texts/American_Shaolin:_King_of_Kickboxers_II.txt,,,,,,,,,,,,,
70,American Werewolf in London,"['Comedy', 'Horror', 'Romance']",['John Landis'],American_Werewolf_in_London,82010,./data/IMSDB/texts/American_Werewolf_in_London.txt,https://www.boxofficemojo.com/release/rl2336458241,Universal Pictures,"3,786,512",870,"Aug 21, 1981",133 days,,97.0,"['Comedy', 'Horror']",870,"30,565,292","30,565,292",
71,"American, The","['Crime', 'Drama', 'Thriller']",['Rowan Joffe'],American,1844624,./data/IMSDB/texts/American.txt,,,,,,,,,,,,,
72,"Amityville Asylum, The",['Horror'],['Andrew Jones'],Amityville_Asylum,2216212,./data/IMSDB/texts/Amityville_Asylum.txt,,,,,,,,,,,,,
82,"Anniversary Party, The",['Drama'],"['Alan Cummings', 'Jennifer Jason Leigh']",Anniversary_Party,254099,./data/IMSDB/texts/Anniversary_Party.txt,https://www.boxofficemojo.com/release/rl407012865,Fine Line Features,"158,533",11,"Jun 8, 2001",207 days,R,115.0,"['Comedy', 'Drama', 'Romance']",120,"4,047,329","4,931,888",
86,"Apartment, The",['Comedy'],"['Billy Wilder', 'I.A.L Diamond']",Apartment,53604,./data/IMSDB/texts/Apartment.txt,,,,,,,,,,,,,
90,Apt Pupil,"['Drama', 'Thriller']",['Brandon Boyce'],Apt_Pupil,118636,./data/IMSDB/texts/Apt_Pupil.txt,https://www.boxofficemojo.com/release/rl1380091393,Sony Pictures Entertainment (SPE),"3,583,151","1,448","Oct 23, 1998",77 days,R,111.0,"['Crime', 'Drama', 'Thriller']","1,448","8,863,193","8,863,193",
92,Arcade,['Sci-Fi'],['David S. Goyer'],Arcade,367345,./data/IMSDB/texts/Arcade.txt,,,,,,,,,,,,,
93,Arctic Blue,"['Action', 'Thriller']",['Ross LaManna'],Arctic_Blue,1523267,./data/IMSDB/texts/Arctic_Blue.txt,,,,,,,,,,,,,
94,Argo,"['Drama', 'Thriller']",['Chris Terrio'],Argo,1024648,./data/IMSDB/texts/Argo.txt,,,,,,,,,,,,,
97,Arsenic and Old Lace,"['Comedy', 'Crime']","['Julius J. Epstein', 'Philip G. Epstein', 'Joseph Kesselring']",Arsenic_and_Old_Lace,36613,./data/IMSDB/texts/Arsenic_and_Old_Lace.txt,,,,,,,,,,,,,
98,Arthur,['Comedy'],['Peter Baynham'],Arthur,169414,./data/IMSDB/texts/Arthur.txt,,,,,,,,,,,,,
102,"Assignment, The",['Thriller'],"['Dan Gordon', 'Sabi H. Shabtai']",Assignment,5034474,./data/IMSDB/texts/Assignment.txt,https://www.boxofficemojo.com/release/rl3731784961,,"5,472",45,"Dec 6, 2018",26 days,R,95.0,"['Action', 'Crime', 'Thriller']",45,"15,334","15,334",
107,Authors Anonymous,['Comedy'],['David Congalton'],Authors_Anonymous,2114461,./data/IMSDB/texts/Authors_Anonymous.txt,,,,,,,,,,,,,
109,Avatar,"['Action', 'Adventure', 'Sci-Fi']",['James Cameron'],Avatar,417299,./data/IMSDB/texts/Avatar.txt,,,,,,,,,,,,,
112,"Avventura, L' (The Adventure)","['Drama', 'Mystery', 'Thriller']","['Michelangelo Antonioni', 'Elio Bartolini', 'Tonino Guerra']",Avventura,1714157,./data/IMSDB/texts/Avventura.txt,,,,,,,,,,,,,
113,Awakenings,['Drama'],['Steven Zaillian'],Awakenings,99077,./data/IMSDB/texts/Awakenings.txt,https://www.boxofficemojo.com/release/rl558204417,Columbia Pictures,"417,076",12,"(Wide)Dec 22, 1990",375 days,,121.0,"['Biography', 'Drama']","1,330","52,096,475","52,096,475",
115,Bachelor Party,['Comedy'],"['Neal Israel', 'Pat Proft', 'Bob Israel']",Bachelor_Party,86927,./data/IMSDB/texts/Bachelor_Party.txt,https://www.boxofficemojo.com/release/rl3628434945,Twentieth Century Fox,"4,573,530","1,081","Jun 29, 1984",186 days,,105.0,['Comedy'],"1,276","38,435,947","38,435,947",
116,"Bachelor Party, The",['Drama'],['Paddy Chayefsky'],Bachelor_Party,86927,./data/IMSDB/texts/Bachelor_Party.txt,https://www.boxofficemojo.com/release/rl3628434945,Twentieth Century Fox,"4,573,530","1,081","Jun 29, 1984",186 days,,105.0,['Comedy'],"1,276","38,435,947","38,435,947",
118,Backdraft,"['Action', 'Drama', 'Mystery', 'Thriller']",['Gregory Widen'],Backdraft,101393,./data/IMSDB/texts/Backdraft.txt,https://www.boxofficemojo.com/release/rl1933936129,Universal Pictures,"12,686,200","1,852","May 24, 1991",222 days,R,137.0,"['Action', 'Crime', 'Drama', 'Mystery', 'Thriller']","1,983","77,868,585","152,368,585",
120,Bad Country,"['Action', 'Crime', 'Drama']",['Jonathan Hirschbein'],Bad_Country,2350892,./data/IMSDB/texts/Bad_Country.txt,,,,,,,,,,,,,
121,Bad Day at Black Rock,"['Drama', 'Thriller', 'Western']","['Don McGuire', 'Millard Kaufman', 'Howard Breslin']",Bad_Day_at_Black_Rock,47849,./data/IMSDB/texts/Bad_Day_at_Black_Rock.txt,,,,,,,,,,,,,
122,Bad Dreams,"['Horror', 'Thriller']","['Andrew Fleming', 'Steven E. de Souza']",Bad_Dreams,94701,./data/IMSDB/texts/Bad_Dreams.txt,https://www.boxofficemojo.com/release/rl1564837377,Twentieth Century Fox,"4,008,870","1,180","Apr 8, 1988",268 days,,80.0,"['Horror', 'Thriller']","1,185","9,797,098","9,797,098",
123,Bad Lieutenant,"['Crime', 'Drama']","['Abel Ferrara', 'Zoe Lund']",Bad_Lieutenant,103759,./data/IMSDB/texts/Bad_Lieutenant.txt,https://www.boxofficemojo.com/release/rl1430619649,Aries Films,"47,454",2,"Nov 20, 1992",49 days,NC-17,96.0,"['Crime', 'Drama', 'Thriller']",2,"2,000,022","2,019,469",
126,Badlands,"['Crime', 'Thriller', 'Drama']",['Terence Malick'],Badlands,3865236,./data/IMSDB/texts/Badlands.txt,,,,,,,,,,,,,
128,Barry Lyndon,"['Drama', 'Romance', 'War']",['Stanley Kubrick'],Barry_Lyndon,72684,./data/IMSDB/texts/Barry_Lyndon.txt,https://www.boxofficemojo.com/release/rl4057236481,British Film Institute (BFI),"8,817",1,"Jan 30, 2009",336 days,,185.0,"['Adventure', 'Drama', 'History', 'War']",1 theater,"22,771","22,771",
129,Barton Fink,"['Comedy', 'Drama', 'Thriller']","['Joel Coen', 'Ethan Coen']",Barton_Fink,101410,./data/IMSDB/texts/Barton_Fink.txt,https://www.boxofficemojo.com/release/rl3947202049,Twentieth Century Fox,"268,561",11,"Aug 23, 1991",131 days,R,116.0,"['Comedy', 'Drama', 'Thriller']",189,"6,153,939","6,153,939",
135,"Battle of Algiers, The","['Drama', 'War']","['Gillo Pontecorvo', 'Franco Solinas']",Battle_of_Algiers,58946,./data/IMSDB/texts/Battle_of_Algiers.txt,,,,,,,,,,,,,
145,Being Human,"['Comedy', 'Drama', 'Fantasy']",['Bill Forsyth'],Being_Human,1349938,./data/IMSDB/texts/Being_Human.txt,,,,,,,,,,,,,
147,Being There,"['Comedy', 'Drama']","['Jerry Kosinski', 'Robert C. Jones']",Being_There,78841,./data/IMSDB/texts/Being_There.txt,,,,,,,,,,,,,
149,Belle,"['Drama', 'Romance']",['Misan Sagay'],Belle,2404181,./data/IMSDB/texts/Belle.txt,https://www.boxofficemojo.com/release/rl3091498497,Fox Searchlight Pictures,"106,578",4,"May 2, 2014",244 days,PG,100.0,"['Biography', 'Drama', 'Romance']",525,"10,726,630","16,607,575",
151,Benny & Joon,"['Comedy', 'Romance']","['Barry Berman', 'Lesley McNeil']",Benny_&_Joon,106387,./data/IMSDB/texts/Benny_&_Joon.txt,https://www.boxofficemojo.com/release/rl2705622529,Metro-Goldwyn-Mayer (MGM),"3,285,063",408,"(Wide)Apr 16, 1993",260 days,PG,98.0,"['Comedy', 'Drama', 'Romance']","1,314","23,261,580","23,261,580",
154,"Big Blue, The","['Drama', 'Romance']","['Luc Besson', 'Robert Garland']",Big_Blue,95250,./data/IMSDB/texts/Big_Blue.txt,https://www.boxofficemojo.com/release/rl793216513,Columbia Pictures,"1,617,462",967,"Aug 19, 1988",135 days,PG,168.0,"['Adventure', 'Drama', 'Sport']",967,"3,500,000","3,500,000",
158,"Big Sick, The","['Comedy', 'Drama', 'Romance']","['Emily V. Gordon', 'Kumail Nanjiani']",Big_Sick,5462602,./data/IMSDB/texts/Big_Sick.txt,,,,,,,,,,,,,
159,"Big White, The","['Comedy', 'Crime', 'Drama']",['Collin Friesen'],Big_White,402850,./data/IMSDB/texts/Big_White.txt,,,,,,,,,,,,,
161,"Birds, The","['Drama', 'Horror', 'Thriller', 'Romance']","['Daphne Du Maurier', 'Evan Hunter']",Birds,56869,./data/IMSDB/texts/Birds.txt,,,,,,,,,,,,,
169,Blade,"['Action', 'Horror', 'Sci-Fi']",['David S. Goyer'],Blade,120611,./data/IMSDB/texts/Blade.txt,,,,,,,,,,,,,
175,"Bling Ring, The","['Crime', 'Drama']",['Sofia Coppola'],Bling_Ring,2132285,./data/IMSDB/texts/Bling_Ring.txt,https://www.boxofficemojo.com/release/rl3846669825,A24,"214,395",5,"(Wide)Jun 14, 2013",201 days,R,90.0,"['Biography', 'Crime', 'Drama']",650,"5,845,732","20,045,576",
177,Blood Simple,"['Drama', 'Thriller']","['Joel Coen', 'Ethan Coen']",Blood_Simple,86979,./data/IMSDB/texts/Blood_Simple.txt,,,,,,,,,,,,,
180,Blue Velvet,"['Crime', 'Drama', 'Mystery', 'Thriller']",['David Lynch'],Blue_Velvet,90756,./data/IMSDB/texts/Blue_Velvet.txt,,,,,,,,,,,,,
181,"Bodies, Rest & Motion","['Drama', 'Romance']",['Roger Hedden'],Bodies,106447,./data/IMSDB/texts/Bodies.txt,https://www.boxofficemojo.com/release/rl1883670017,New Line Cinema,"75,957",6,"Apr 9, 1993",267 days,R,95.0,['Drama'],6,"764,724","764,724",
182,Body Heat,"['Crime', 'Thriller']",['Lawrence Kasdan'],Body_Heat,82089,./data/IMSDB/texts/Body_Heat.txt,https://www.boxofficemojo.com/release/rl1749452289,Warner Bros.,"564,593",34,"Aug 28, 1981",126 days,,113.0,"['Crime', 'Drama', 'Romance', 'Thriller']",34,"24,058,838","24,058,838",
183,Body of Evidence,"['Romance', 'Thriller']",['Brad Mirman'],Body_of_Evidence,1587669,./data/IMSDB/texts/Body_of_Evidence.txt,,,,,,,,,,,,,
184,Bodyguard,"['Drama', 'Romance', 'Thriller']",['Lawrence Kasdan'],Bodyguard,7493974,./data/IMSDB/texts/Bodyguard.txt,,,,,,,,,,,,,
185,Bones,['Horror'],"['Adam Simon', 'Tim Metcalfe']",Bones,460627,./data/IMSDB/texts/Bones.txt,,,,,,,,,,,,,
187,Bonnie and Clyde,"['Crime', 'Drama', 'Romance']","['David Newman', 'Robert Benton']",Bonnie_and_Clyde,61418,./data/IMSDB/texts/Bonnie_and_Clyde.txt,,,,,,,,,,,,,
198,"Box, The","['Drama', 'Mystery', 'Sci-Fi']","['Richard Kelly', 'Richard Matheson']",Box,12298506,./data/IMSDB/texts/Box.txt,,,,,,,,,,,,,
203,Break,['Drama'],['Oliver Stone'],Break,86998,./data/IMSDB/texts/Break.txt,https://www.boxofficemojo.com/release/rl1028228609,Cannon Film s,"6,047,686","1,069","May 4, 1984",242 days,,90.0,"['Comedy', 'Drama', 'Music', 'Romance']","1,121","38,682,707","38,682,707",
205,"Breakfast Club, The","['Comedy', 'Drama']",['John Hughes'],Breakfast_Club,88847,./data/IMSDB/texts/Breakfast_Club.txt,https://www.boxofficemojo.com/release/rl3326510593,Universal Pictures,"5,107,599","1,071","Feb 15, 1985",320 days,,97.0,"['Comedy', 'Drama']","1,118","45,875,171","51,525,171",
206,Breaking Away,"['Comedy', 'Drama']",['Steve Tesich'],Breaking_Away,78902,./data/IMSDB/texts/Breaking_Away.txt,https://www.boxofficemojo.com/release/rl3477505537,Twentieth Century Fox,"17,702",1,"Jul 13, 1979",172 days,,101.0,"['Comedy', 'Drama', 'Romance', 'Sport']",95,"16,424,918","16,424,918",
210,Broadcast News,"['Comedy', 'Drama', 'Romance']",['James L. Brooks'],Broadcast_News,92699,./data/IMSDB/texts/Broadcast_News.txt,https://www.boxofficemojo.com/release/rl1967752705,Twentieth Century Fox,"197,542",7,"(Wide)Dec 18, 1987",380 days,,133.0,"['Comedy', 'Drama', 'Romance']",848,"51,249,404","67,331,309",
212,Broken Embraces,"['Drama', 'Romance', 'Thriller']",['Pedro Almodovar'],Broken_Embraces,913425,./data/IMSDB/texts/Broken_Embraces.txt,https://www.boxofficemojo.com/release/rl1816757761,Sony Pictures Classics,"107,111",2,"Nov 20, 2009",407 days,R,127.0,"['Drama', 'Romance', 'Thriller']",202,"5,014,305","37,472,507",
215,Buffy the Vampire Slayer,"['Action', 'Comedy', 'Horror']",['Joss Whedon'],Buffy_the_Vampire_Slayer,118276,./data/IMSDB/texts/Buffy_the_Vampire_Slayer.txt,,,,,,,,,,,,,
216,Bull Durham,"['Comedy', 'Drama', 'Romance']",['Ron Shelton'],Bull_Durham,94812,./data/IMSDB/texts/Bull_Durham.txt,https://www.boxofficemojo.com/release/rl2286519809,Orion Pictures,"5,009,301","1,238","Jun 17, 1988",198 days,,108.0,"['Comedy', 'Romance', 'Sport']","1,297","50,888,729","50,888,729",
220,Burning Annie,"['Comedy', 'Drama', 'Romance']",['Zack Ordynans'],Burning_Annie,12837148,./data/IMSDB/texts/Burning_Annie.txt,,,,,,,,,,,,,
223,Candle to Water,['Drama'],['Nick Green'],Candle_to_Water,1374525,./data/IMSDB/texts/Candle_to_Water.txt,,,,,,,,,,,,,
225,Carrie,"['Horror', 'Thriller']","['Lawrence D. Cohen', 'Stephen King']",Carrie,74285,./data/IMSDB/texts/Carrie.txt,,,,,,,,,,,,,
239,Chaos,"['Action', 'Crime', 'Drama', 'Thriller']",['Tony Giglio'],Chaos,8267604,./data/IMSDB/texts/Chaos.txt,https://www.boxofficemojo.com/release/rl4228154881,Sony Pictures Classics,"24,988",3,"Dec 14, 2018",383 days,R,126.0,['Drama'],136,"1,661,096","64,417,003",
240,Charade,"['Comedy', 'Mystery', 'Romance', 'Thriller']",['Peter Stone'],Charade,56923,./data/IMSDB/texts/Charade.txt,,,,,,,,,,,,,
243,Chasing Sleep,"['Horror', 'Thriller']",['Michael Walker'],Chasing_Sleep,221069,./data/IMSDB/texts/Chasing_Sleep.txt,,,,,,,,,,,,,
244,Cherry Falls,"['Horror', 'Thriller', 'Comedy', 'Mystery']",['Ken Selden'],Cherry_Falls,175526,./data/IMSDB/texts/Cherry_Falls.txt,,,,,,,,,,,,,
245,Chinatown,"['Crime', 'Mystery', 'Thriller']",['Robert Towne'],Chinatown,71315,./data/IMSDB/texts/Chinatown.txt,,,,,,,,,,,,,
246,Christ Complex,"['Comedy', 'Fantasy']",['Jeffrey Scott Richards'],Christ_Complex,7519956,./data/IMSDB/texts/Christ_Complex.txt,,,,,,,,,,,,,
250,"Cincinnati Kid, The",['Drama'],"['Ring Lardner Jr', 'Terry Southern', 'Richard Jessup']",Cincinnati_Kid,59037,./data/IMSDB/texts/Cincinnati_Kid.txt,,,,,,,,,,,,,
251,Cinema Paradiso,"['Drama', 'Romance']",['Giuseppe Tornatore'],Cinema_Paradiso,95765,./data/IMSDB/texts/Cinema_Paradiso.txt,https://www.boxofficemojo.com/release/rl4048258561,Miramax,"16,552",1,"Feb 2, 1990",333 days,R,155.0,['Drama'],124,"11,990,401","11,990,401",
253,Citizen Kane,"['Drama', 'Mystery']","['Herman J. Mankiewicz', 'Orson Welles']",Citizen_Kane,33467,./data/IMSDB/texts/Citizen_Kane.txt,,,,,,,,,,,,,
254,City of Joy,['Drama'],"['Gerald Brach', 'Roland Joffe']",City_of_Joy,103976,./data/IMSDB/texts/City_of_Joy.txt,https://www.boxofficemojo.com/release/rl3528164865,TriStar Pictures,"3,405,890",842,"Apr 17, 1992",259 days,PG-13,132.0,['Drama'],919,"14,683,921","14,683,921",
259,Cobb,['Drama'],['Ron Shelton'],Cobb,109450,./data/IMSDB/texts/Cobb.txt,https://www.boxofficemojo.com/release/rl1917486593,Warner Bros.,"63,786",4,"Dec 2, 1994",35 days,R,128.0,"['Biography', 'Drama', 'Sport']",4,"1,007,583","1,007,583",
261,Code of Silence,"['Action', 'Drama']","['Michael Butler', 'Dennis Shryack', 'Mike Gray', 'John Mason']",Code_of_Silence,88936,./data/IMSDB/texts/Code_of_Silence.txt,https://www.boxofficemojo.com/release/rl1481278977,Orion Pictures,"5,512,461","1,810","May 3, 1985",243 days,,101.0,"['Action', 'Crime', 'Drama', 'Thriller']","1,810","20,345,361","20,345,361",
263,Collateral,"['Action', 'Crime', 'Thriller']","['Stuart Beattie', 'Frank Darabont', 'Michael Mann']",Collateral,369339,./data/IMSDB/texts/Collateral.txt,,,,,,,,,,,,,
281,Crazylove,"['Drama', 'Romance']",['Carol Watson'],Crazylove,790706,./data/IMSDB/texts/Crazylove.txt,https://www.boxofficemojo.com/release/rl1716356609,Magnolia Pictures,"17,952",3,"Jun 1, 2007",214 days,PG-13,90.0,"['Documentary', 'Romance']",38,"301,027","357,659",
282,Creation,['Drama'],['John Collee'],Creation,974014,./data/IMSDB/texts/Creation.txt,https://www.boxofficemojo.com/release/rl1548584449,Newmarket Films,"53,073",7,"Jan 22, 2010",344 days,PG-13,108.0,"['Biography', 'Drama', 'Romance']",12,"341,323","2,058,675",
283,Crime Spree,"['Crime', 'Comedy']",['Brad Mirman'],Crime_Spree,310924,./data/IMSDB/texts/Crime_Spree.txt,,,,,,,,,,,,,
285,"Crouching Tiger, Hidden Dragon","['Action', 'Adventure', 'Drama', 'Fantasy', 'Romance']","['Wang Hui Ling', 'James Schamus', 'Tsai Kuo Jung']",Crouching_Tiger,190332,./data/IMSDB/texts/Crouching_Tiger.txt,,,,,,,,,,,,,
286,Croupier,"['Crime', 'Drama']",['Paul Mayersberg'],Croupier,159382,./data/IMSDB/texts/Croupier.txt,https://www.boxofficemojo.com/release/rl2756544001,TSG,"63,472",19,"Apr 21, 2000",255 days,,94.0,"['Crime', 'Drama']",141,"6,201,143","7,075,068",
287,"Crow Salvation, The","['Action', 'Drama', 'Crime', 'Horror', 'Thriller']",['Chip Johannessen'],Crow_Salvation,132910,./data/IMSDB/texts/Crow_Salvation.txt,,,,,,,,,,,,,
288,"Crow, The","['Action', 'Drama', 'Horror', 'Fantasy', 'Romance', 'Thriller']",['David Schow'],Crow,109506,./data/IMSDB/texts/Crow.txt,https://www.boxofficemojo.com/release/rl2773321217,Miramax,"11,774,332","1,573","May 13, 1994",233 days,R,102.0,"['Action', 'Drama', 'Fantasy']","2,119","50,693,129","50,693,129",
289,"Crow: City of Angels, The","['Action', 'Fantasy', 'Thriller', 'Crime']","['David S Goyer', ""James O'Barr""]",Crow:_City_of_Angels,115986,./data/IMSDB/texts/Crow:_City_of_Angels.txt,https://www.boxofficemojo.com/release/rl2555217409,Miramax,"9,785,111","2,423","Aug 30, 1996",124 days,R,84.0,"['Action', 'Crime', 'Fantasy', 'Thriller']","2,423","17,917,287","17,917,287",
294,Custody,['Comedy'],['Eric Stuyvesant'],Custody,6002232,./data/IMSDB/texts/Custody.txt,https://www.boxofficemojo.com/release/rl621250049,Kino Lorber,"4,947",1,"Jun 29, 2018",186 days,,93.0,['Drama'],7,"83,882","3,790,303",
300,Dark Star,"['Comedy', 'Sci-Fi', 'Thriller']","['John Carpenter', ""Dan O'Bannon""]",Dark_Star,69945,./data/IMSDB/texts/Dark_Star.txt,,,,,,,,,,,,,
301,Darkman,"['Action', 'Crime', 'Sci-Fi', 'Thriller']","['Joshua Goldin', 'Daniel Goldin', 'Sam Raimi', 'Ivan Raimi', 'Chuck Pfarrer']",Darkman,99365,./data/IMSDB/texts/Darkman.txt,https://www.boxofficemojo.com/release/rl239896065,Universal Pictures,"8,054,860","1,786","Aug 24, 1990",130 days,,96.0,"['Action', 'Sci-Fi', 'Thriller']","1,833","33,878,502","48,878,502",
303,Dave Barry's Complete Guide to Guys,['Comedy'],"['Jeff Arch', 'Dave Barry']",Dave_Barry's_Complete_Guide_to_Guys,407680,./data/IMSDB/texts/Dave_Barry's_Complete_Guide_to_Guys.txt,,,,,,,,,,,,,
306,"Day the Clown Cried, The",['Drama'],"['Charles Denton', 'Jerry Lewis']",Day_the_Clown_Cried,7755646,./data/IMSDB/texts/Day_the_Clown_Cried.txt,,,,,,,,,,,,,
308,Days of Heaven,['Drama'],['Terrance Malick'],Days_of_Heaven,77405,./data/IMSDB/texts/Days_of_Heaven.txt,,,,,,,,,,,,,
311,Dear White People,"['Comedy', 'Drama']",['Justin Simien'],Dear_White_People,5707802,./data/IMSDB/texts/Dear_White_People.txt,,,,,,,,,,,,,
314,"Debt, The","['Action', 'Drama', 'Thriller']","['Matthew Vaughn', 'Jane Goldman', 'Peter Straughan']",Debt,10933680,./data/IMSDB/texts/Debt.txt,,,,,,,,,,,,,
315,Deception,"['Crime', 'Drama', 'Mystery', 'Romance', 'Thriller']","['Mark Bomback', 'Patrick Marber']",Deception,1924396,./data/IMSDB/texts/Deception.txt,https://www.boxofficemojo.com/release/rl2235860481,IFC Films,"2,595",1,"Jan 3, 2014",363 days,R,131.0,"['Crime', 'Drama', 'Mystery', 'Romance']",15,"100,035","20,596,350",
316,Deep Cover,"['Action', 'Crime', 'Thriller']","['Michael Tolkin', 'Henry Bean']",Deep_Cover,104073,./data/IMSDB/texts/Deep_Cover.txt,https://www.boxofficemojo.com/release/rl3360458241,New Line Cinema,"3,451,356",901,"Apr 17, 1992",259 days,R,107.0,"['Action', 'Crime', 'Thriller']",902,"16,639,799","16,639,799",
319,Defiance,"['Action', 'Drama', 'Thriller', 'War']","['Clayton Frohman', 'Edward Zwick']",Defiance,2189221,./data/IMSDB/texts/Defiance.txt,,,,,,,,,,,,,
321,"Descendants, The","['Comedy', 'Drama']","['Alexander Payne', 'Nat Faxon', 'Jim Rash']",Descendants,3440298,./data/IMSDB/texts/Descendants.txt,,,,,,,,,,,,,
324,Devil in a Blue Dress,"['Crime', 'Mystery', 'Thriller']","['Carl Franklin', 'Walter Mosley']",Devil_in_a_Blue_Dress,112857,./data/IMSDB/texts/Devil_in_a_Blue_Dress.txt,https://www.boxofficemojo.com/release/rl1817150977,Sony Pictures Entertainment (SPE),"5,422,385","1,432","Sep 29, 1995",94 days,R,102.0,"['Crime', 'Drama', 'Mystery', 'Thriller']","1,432","16,140,822","16,140,822",
329,Diner,"['Comedy', 'Drama']",['Barry Levinson'],Diner,83833,./data/IMSDB/texts/Diner.txt,,,,,,,,,,,,,
330,"Distinguished Gentleman, The",['Comedy'],['Adam Resnick'],Distinguished_Gentleman,104114,./data/IMSDB/texts/Distinguished_Gentleman.txt,https://www.boxofficemojo.com/release/rl4132406785,Walt Disney Studios Motion Pictures,"10,611,040","1,933","Dec 4, 1992",393 days,R,112.0,"['Comedy', 'Crime']","1,984","46,666,502","46,666,502",
333,Do The Right Thing,"['Comedy', 'Drama']",['Spike Lee'],Do_The_Right_Thing,97216,./data/IMSDB/texts/Do_The_Right_Thing.txt,,,,,,,,,,,,,
334,Dog Day Afternoon,"['Comedy', 'Drama', 'Thriller']",['Frank Pierson'],Dog_Day_Afternoon,72890,./data/IMSDB/texts/Dog_Day_Afternoon.txt,,,,,,,,,,,,,
338,Double Indemnity,"['Crime', 'Film-Noir', 'Drama']","['James M. Cain', 'Billy Wilder', 'Raymond Chandler']",Double_Indemnity,36775,./data/IMSDB/texts/Double_Indemnity.txt,,,,,,,,,,,,,
344,"Dry White Season, A","['Drama', 'Thriller']",['Euzhan Palcy'],Dry_White_Season,97243,./data/IMSDB/texts/Dry_White_Season.txt,https://www.boxofficemojo.com/release/rl2186184193,Metro-Goldwyn-Mayer (MGM),"202,507",17,"Sep 20, 1989",103 days,,106.0,"['Drama', 'Thriller']",316,"3,766,879","3,766,879",
345,Duck Soup,"['Comedy', 'Family', 'Musical']","['Bert Kelmer', 'Harry Ruby', 'Grover Jones']",Duck_Soup,23969,./data/IMSDB/texts/Duck_Soup.txt,,,,,,,,,,,,,
358,"Elephant Man, The",['Drama'],"['Christopher De Vore', 'Eric Bergren', 'David Lynch']",Elephant_Man,80678,./data/IMSDB/texts/Elephant_Man.txt,,,,,,,,,,,,,
364,Erik the Viking,['Fantasy'],['Terry Jones'],Erik_the_Viking,97289,./data/IMSDB/texts/Erik_the_Viking.txt,https://www.boxofficemojo.com/release/rl3595666945,Orion Pictures,"68,543",22,"Sep 22, 1989",105 days,,107.0,"['Adventure', 'Comedy', 'Fantasy']",269,"1,932,642","1,932,642",
367,Escape From New York,"['Action', 'Adventure', 'Sci-Fi', 'Thriller']","['John Carpenter', 'Nick Castle']",Escape_From_New_York,82340,./data/IMSDB/texts/Escape_From_New_York.txt,,,,,,,,,,,,,
369,Even Cowgirls Get the Blues,"['Comedy', 'Romance', 'Drama']","['Tom Robbins', 'Gus Van Sant']",Even_Cowgirls_Get_the_Blues,106834,./data/IMSDB/texts/Even_Cowgirls_Get_the_Blues.txt,https://www.boxofficemojo.com/release/rl626034177,Fine Line Features,"676,978",533,"May 20, 1994",226 days,R,106.0,"['Comedy', 'Drama', 'Romance', 'Western']",533,"1,708,873","1,708,873",
372,Evil Dead II: Dead by Dawn,"['Horror', 'Fantasy', 'Comedy', 'Action']","['Sam Raimi', 'Scott Spiegel']",Evil_Dead_II:_Dead_by_Dawn,92991,./data/IMSDB/texts/Evil_Dead_II:_Dead_by_Dawn.txt,https://www.boxofficemojo.com/release/rl2102429185,De Laurentiis Entertainment Group (DEG),"807,260",310,"Mar 13, 1987",294 days,R,84.0,"['Action', 'Comedy', 'Fantasy', 'Horror', 'Thriller']",310,"5,923,044","5,923,044",
374,Excalibur,"['Adventure', 'Drama', 'Fantasy']","['Rospo Pallenberg', 'John Boorman']",Excalibur,82348,./data/IMSDB/texts/Excalibur.txt,https://www.boxofficemojo.com/release/rl1783662081,Warner Bros.,"4,519,706",692,"Apr 10, 1981",266 days,PG,140.0,"['Adventure', 'Drama', 'Fantasy', 'Romance']",692,"34,967,437","34,967,437",
377,"Fabulous Baker Boys, The","['Drama', 'Romance']",['Steven Kloves'],Fabulous_Baker_Boys,97322,./data/IMSDB/texts/Fabulous_Baker_Boys.txt,https://www.boxofficemojo.com/release/rl2890958337,Twentieth Century Fox,"3,313,815",858,"Oct 13, 1989",84 days,,114.0,"['Comedy', 'Drama', 'Music', 'Romance']",860,"18,428,904","18,428,904",
380,"Family Man, The","['Comedy', 'Romance']","['David Diamond', 'David Weissman']",Family_Man,9544034,./data/IMSDB/texts/Family_Man.txt,,,,,,,,,,,,,
383,Fargo,"['Comedy', 'Crime', 'Thriller']","['Joel Coen', 'Ethan Coen']",Fargo,2802850,./data/IMSDB/texts/Fargo.txt,,,,,,,,,,,,,
385,Fatal Instinct,"['Comedy', 'Crime', 'Thriller']","[""David O'Malley""]",Fatal_Instinct,106873,./data/IMSDB/texts/Fatal_Instinct.txt,https://www.boxofficemojo.com/release/rl559121921,Metro-Goldwyn-Mayer (MGM),"3,502,569","1,886","Oct 29, 1993",70 days,PG-13,91.0,"['Comedy', 'Crime', 'Thriller']","1,886","7,839,327","7,839,327",
389,Ferris Bueller's Day Off,['Comedy'],['John Hughes'],Ferris_Bueller's_Day_Off,91042,./data/IMSDB/texts/Ferris_Bueller's_Day_Off.txt,https://www.boxofficemojo.com/release/rl1767081473,Paramount Pictures,"6,275,647","1,330","Jun 11, 1986",204 days,,103.0,['Comedy'],"1,330","70,136,369","70,712,677",
390,Field of Dreams,"['Drama', 'Family', 'Fantasy']",['Phil Alden Robinson'],Field_of_Dreams,97351,./data/IMSDB/texts/Field_of_Dreams.txt,https://www.boxofficemojo.com/release/rl1515423233,Universal Pictures,"531,346",22,"(Wide)Apr 21, 1989",255 days,,107.0,"['Drama', 'Family', 'Fantasy', 'Sport']","1,100","64,431,625","84,431,625",
397,Five Easy Pieces,['Drama'],['Carole Eastman'],Five_Easy_Pieces,65724,./data/IMSDB/texts/Five_Easy_Pieces.txt,,,,,,,,,,,,,
399,Fletch,['Comedy'],"['Phil A. Robinson', 'Andrew Bergman']",Fletch,89155,./data/IMSDB/texts/Fletch.txt,https://www.boxofficemojo.com/release/rl978486785,Universal Pictures,"7,022,970","1,225","May 31, 1985",215 days,,98.0,"['Comedy', 'Crime', 'Mystery']","1,303","50,612,888","59,612,888",
406,Fracture,"['Crime', 'Drama', 'Thriller']",['Dan Pyne'],Fracture,488120,./data/IMSDB/texts/Fracture.txt,https://www.boxofficemojo.com/release/rl2521990657,New Line Cinema,"11,180,000","2,443","Apr 20, 2007",256 days,R,113.0,"['Crime', 'Drama', 'Thriller']","2,443","39,015,018","92,011,561",
407,Frances,['Drama'],"['Eric Bergren', 'Christopher De Vore', 'Nicholas Kazan']",Frances,83967,./data/IMSDB/texts/Frances.txt,,,,,,,,,,,,,
410,Freaked,"['Comedy', 'Sci-Fi']","['Tim Burns', 'Tom Stern', 'Alex Winter']",Freaked,109838,./data/IMSDB/texts/Freaked.txt,https://www.boxofficemojo.com/release/rl4031940097,Twentieth Century Fox,"6,957",2,"Oct 1, 1993",92 days,PG-13,86.0,"['Comedy', 'Sci-Fi']",2,"29,296","29,296",
412,"French Connection, The","['Action', 'Crime', 'Thriller']",['Ernest Tidyman'],French_Connection,67116,./data/IMSDB/texts/French_Connection.txt,,,,,,,,,,,,,
416,Fright Night,"['Comedy', 'Horror']",['Marti Noxon'],Fright_Night,89175,./data/IMSDB/texts/Fright_Night.txt,https://www.boxofficemojo.com/release/rl710247937,Columbia Pictures,"6,118,543","1,542","Aug 2, 1985",152 days,,106.0,"['Fantasy', 'Horror', 'Thriller']","1,545","24,922,237","24,922,237",
417,Fright Night (1985),"['Comedy', 'Horror', 'Thriller']",['Tom Holland'],Fright_Night_(1985),89175,./data/IMSDB/texts/Fright_Night_(1985).txt,https://www.boxofficemojo.com/release/rl710247937,Columbia Pictures,"6,118,543","1,542","Aug 2, 1985",152 days,,106.0,"['Fantasy', 'Horror', 'Thriller']","1,545","24,922,237","24,922,237",
419,From Here to Eternity,"['Drama', 'Romance', 'War']",['Daniel Taradash'],From_Here_to_Eternity,45793,./data/IMSDB/texts/From_Here_to_Eternity.txt,https://www.boxofficemojo.com/release/rl643139073,Sony Pictures Repertory,"18,176",5,"Dec 5, 2003",28 days,,118.0,"['Drama', 'Romance', 'War']",5,"36,416","36,416",
421,Frozen (Disney),"['Animation', 'Adventure', 'Comedy']",['Jennifer Lee'],Frozen_(Disney),4007494,./data/IMSDB/texts/Frozen_(Disney).txt,,,,,,,,,,,,,
428,Game 6,"['Comedy', 'Drama']",['Don DeLillo'],Game_6,425055,./data/IMSDB/texts/Game_6.txt,https://www.boxofficemojo.com/release/rl1448445441,Kindred Media Group,"9,610",4,"Mar 10, 2006",297 days,R,87.0,"['Comedy', 'Drama', 'Sport']",13,"129,664","129,664",
429,"Game, The","['Mystery', 'Thriller']","['John Brancato', 'Michael Ferris', 'Larry Gross', 'Andrew Kevin Walker']",Game,944947,./data/IMSDB/texts/Game.txt,,,,,,,,,,,,,
432,Gang Related,"['Crime', 'Drama']",['Jim Kouf'],Gang_Related,2719784,./data/IMSDB/texts/Gang_Related.txt,,,,,,,,,,,,,
436,Get Carter,"['Thriller', 'Action', 'Crime', 'Drama']","['Mike Hodges', 'Ted Lewis']",Get_Carter,67128,./data/IMSDB/texts/Get_Carter.txt,,,,,,,,,,,,,
439,Get Out,"['Horror', 'Mystery', 'Thriller']",['Jordan Peele'],Get_Out,5052448,./data/IMSDB/texts/Get_Out.txt,,,,,,,,,,,,,
440,Get Shorty,"['Action', 'Comedy', 'Crime', 'Drama']",['Scott Frank'],Get_Shorty,5761496,./data/IMSDB/texts/Get_Shorty.txt,,,,,,,,,,,,,
441,"Getaway, The","['Action', 'Crime', 'Drama', 'Thriller']",['Walter Hill'],Getaway,3205802,./data/IMSDB/texts/Getaway.txt,,,,,,,,,,,,,
443,"Ghost and the Darkness, The","['Action', 'Adventure', 'Drama', 'Thriller']",['William Goldman'],Ghost_and_the_Darkness,116409,./data/IMSDB/texts/Ghost_and_the_Darkness.txt,,,,,,,,,,,,,
444,Ghost Rider,"['Action', 'Fantasy', 'Thriller']",['David S. Goyer'],Ghost_Rider,259324,./data/IMSDB/texts/Ghost_Rider.txt,,,,,,,,,,,,,
448,Ghostbusters 2,"['Sci-Fi', 'Comedy', 'Action', 'Adventure']","['Dan Aykroyd', 'Harold Ramis']",Ghostbusters_2,97428,./data/IMSDB/texts/Ghostbusters_2.txt,https://www.boxofficemojo.com/release/rl3629483521,Columbia Pictures,"29,472,894","2,410","Jun 16, 1989",199 days,,108.0,"['Action', 'Comedy', 'Fantasy', 'Sci-Fi']","2,410","112,494,738","215,394,738",
460,"Good Girl, The","['Drama', 'Comedy']",['Mike White'],Good_Girl,6474378,./data/IMSDB/texts/Good_Girl.txt,,,,,,,,,,,,,
463,Grabbers,"['Comedy', 'Horror', 'Sci-Fi']",['Kevin Lehane'],Grabbers,1525366,./data/IMSDB/texts/Grabbers.txt,,,,,,,,,,,,,
464,"Graduate, The","['Comedy', 'Drama', 'Romance']",['Buck Henry'],Graduate,61722,./data/IMSDB/texts/Graduate.txt,https://www.boxofficemojo.com/release/rl660047361,Strand Releasing,"37,948",2,"Feb 14, 1997",321 days,PG,106.0,"['Comedy', 'Drama', 'Romance']",2,"259,279","259,279",
466,Grand Hotel,"['Drama', 'Romance']",['Bela Balazs'],Grand_Hotel,2006421,./data/IMSDB/texts/Grand_Hotel.txt,,,,,,,,,,,,,
467,Grand Theft Parsons,"['Drama', 'Comedy']",['Jeremy Drysdale'],Grand_Theft_Parsons,338075,./data/IMSDB/texts/Grand_Theft_Parsons.txt,,,,,,,,,,,,,
468,"Grapes of Wrath, The",['Drama'],['Nunnally Johnson'],Grapes_of_Wrath,32551,./data/IMSDB/texts/Grapes_of_Wrath.txt,,,,,,,,,,,,,
473,Gremlins 2,"['Comedy', 'Fantasy', 'Horror', 'Sci-Fi']",['Charlie Haas'],Gremlins_2,99700,./data/IMSDB/texts/Gremlins_2.txt,https://www.boxofficemojo.com/release/rl3109520897,Warner Bros.,"9,702,804","2,075","Jun 15, 1990",200 days,,106.0,"['Comedy', 'Fantasy', 'Horror']","2,155","41,482,207","41,482,207",
474,"Grifters, The","['Crime', 'Drama']",['Donald E. Westlake'],Grifters,99703,./data/IMSDB/texts/Grifters.txt,https://www.boxofficemojo.com/release/rl3025634817,Miramax,"71,034",2,"(Wide)Dec 7, 1990",390 days,,110.0,"['Crime', 'Drama', 'Thriller']",780,"13,446,769","13,446,769",
479,Hackers,"['Action', 'Crime', 'Drama', 'Thriller']",['Rafael Moreu'],Hackers,113243,./data/IMSDB/texts/Hackers.txt,https://www.boxofficemojo.com/release/rl3730277889,Metro-Goldwyn-Mayer (MGM),"3,173,101","1,812","Sep 15, 1995",108 days,PG-13,105.0,"['Comedy', 'Crime', 'Drama', 'Thriller']","1,812","7,563,728","7,563,728",
485,Hanna,"['Action', 'Crime', 'Mystery']",['Seth Lochead'],Hanna,6932244,./data/IMSDB/texts/Hanna.txt,,,,,,,,,,,,,
486,Hannah and Her Sisters,"['Comedy', 'Drama', 'Romance']",['Woody Allen'],Hannah_and_Her_Sisters,91167,./data/IMSDB/texts/Hannah_and_Her_Sisters.txt,https://www.boxofficemojo.com/release/rl307660289,Orion Pictures,"1,265,826",54,"(Wide)Feb 7, 1986",328 days,,107.0,"['Comedy', 'Drama']",761,"35,392,203","35,392,203",
487,Hannibal,"['Horror', 'Thriller']",['Steven Zaillian'],Hannibal,2243973,./data/IMSDB/texts/Hannibal.txt,,,,,,,,,,,,,
488,"Happy Birthday, Wanda June",['Comedy'],['Kurt Vonnegut Jr.'],Happy_Birthday,67180,./data/IMSDB/texts/Happy_Birthday.txt,,,,,,,,,,,,,
491,Hard to Kill,"['Action', 'Romance']","['Steven Pressfield', 'Ronald Shusett', 'Steven Seagal']",Hard_to_Kill,99739,./data/IMSDB/texts/Hard_to_Kill.txt,https://www.boxofficemojo.com/release/rl1364624897,Warner Bros.,"9,213,631","1,301","Feb 9, 1990",326 days,,96.0,"['Action', 'Crime', 'Drama', 'Thriller']","1,508","47,410,827","47,410,827",
493,"Haunting, The","['Horror', 'Mystery', 'Thriller']","['David Self', 'Michael Tolkin']",Haunting,10970552,./data/IMSDB/texts/Haunting.txt,,,,,,,,,,,,,
495,Heat,"['Action', 'Crime', 'Drama', 'Thriller']",['Michael Mann'],Heat,113277,./data/IMSDB/texts/Heat.txt,https://www.boxofficemojo.com/release/rl3797321217,Warner Bros.,"8,445,656","1,325","Dec 15, 1995",383 days,R,170.0,"['Crime', 'Drama', 'Thriller']","1,704","67,436,818","187,436,818",
496,Heathers,['Comedy'],['Daniel Waters'],Heathers,97493,./data/IMSDB/texts/Heathers.txt,https://www.boxofficemojo.com/release/rl3864430081,New World Pictures,"177,247",35,"Mar 31, 1989",276 days,,103.0,"['Comedy', 'Crime']",54,"1,108,462","1,108,462",
498,Heavy Metal,"['Action', 'Adventure', 'Animation', 'Fantasy', 'Horror', 'Sci-Fi']","['Dan Goldberg', 'Len Blum']",Heavy_Metal,82509,./data/IMSDB/texts/Heavy_Metal.txt,https://www.boxofficemojo.com/release/rl3377890817,Sony Pictures Entertainment (SPE),"204,660",54,"Mar 8, 1996",299 days,,86.0,"['Adventure', 'Animation', 'Fantasy', 'Sci-Fi']",54,"546,545","546,545",
501,Hellbound: Hellraiser II,"['Horror', 'Thriller']","['Peter Atkins', 'Clive Barker']",Hellbound:_Hellraiser_II,95294,./data/IMSDB/texts/Hellbound:_Hellraiser_II.txt,https://www.boxofficemojo.com/release/rl777618945,New World Pictures,"3,185,511","1,180","Dec 23, 1988",374 days,,97.0,"['Horror', 'Thriller']","1,187","12,090,735","12,090,735",
502,Hellboy,"['Adventure', 'Horror', 'Sci-Fi', 'Action']","['Mike Mignola', 'Guillermo del Toro', 'Peter Briggs']",Hellboy,2274648,./data/IMSDB/texts/Hellboy.txt,,,,,,,,,,,,,
503,Hellboy 2: The Golden Army,"['Action', 'Adventure', 'Fantasy']",['Guillermo del Toro'],Hellboy_2:_The_Golden_Army,411477,./data/IMSDB/texts/Hellboy_2:_The_Golden_Army.txt,,,,,,,,,,,,,
505,Hellraiser 3: Hell on Earth,"['Fantasy', 'Horror']","['Peter Atkins', 'Tony Randel']",Hellraiser_3:_Hell_on_Earth,104409,./data/IMSDB/texts/Hellraiser_3:_Hell_on_Earth.txt,https://www.boxofficemojo.com/release/rl744064513,Miramax,"3,208,009",862,"Sep 11, 1992",112 days,R,97.0,['Horror'],898,"12,534,961","12,534,961",
506,Hellraiser: Deader,"['Horror', 'Mystery', 'Thriller']","['Clive Barker', 'Neal Marshall Stevens', 'Tim Day']",Hellraiser:_Deader,337636,./data/IMSDB/texts/Hellraiser:_Deader.txt,,,,,,,,,,,,,
507,Hellraiser: Hellseeker,['Horror'],"['Carl Dupre', 'Clive Barker']",Hellraiser:_Hellseeker,274546,./data/IMSDB/texts/Hellraiser:_Hellseeker.txt,,,,,,,,,,,,,
509,Henry Fool,"['Comedy', 'Drama']",['Hal Hartley'],Henry_Fool,122529,./data/IMSDB/texts/Henry_Fool.txt,https://www.boxofficemojo.com/release/rl660178433,Sony Pictures Classics,"40,939",2,"Jun 19, 1998",196 days,R,137.0,"['Comedy', 'Drama']",51,"1,338,335","1,338,335",
510,Henry's Crime,"['Crime', 'Drama']",['Sacha Gervasi'],Henry's_Crime,1220888,./data/IMSDB/texts/Henry's_Crime.txt,https://www.boxofficemojo.com/release/rl458851841,Moving Pictures Film and Television,"8,726",2,"Apr 8, 2011",268 days,R,108.0,"['Comedy', 'Crime', 'Drama', 'Romance']",8,"102,541","2,169,799",
517,His Girl Friday,"['Comedy', 'Romance', 'Drama']","['Ben Hecht', 'Charles MacArthur']",His_Girl_Friday,32599,./data/IMSDB/texts/His_Girl_Friday.txt,,,,,,,,,,,,,
518,Hitchcock,['Drama'],"['John J. McLaughlin', 'Stephen Rebello']",Hitchcock,975645,./data/IMSDB/texts/Hitchcock.txt,https://www.boxofficemojo.com/release/rl2623112705,Fox Searchlight Pictures,"287,715",17,"Nov 23, 2012",404 days,PG-13,98.0,"['Biography', 'Drama', 'Romance']",561,"6,008,677","27,039,669",
521,Honeydripper,"['Drama', 'Musical']",['John Sayles'],Honeydripper,11867968,./data/IMSDB/texts/Honeydripper.txt,,,,,,,,,,,,,
524,"Hospital, The","['Comedy', 'Drama']",['Paddy Chayefsky'],Hospital,56758,./data/IMSDB/texts/Hospital.txt,,,,,,,,,,,,,
534,Human Nature,['Comedy'],['Charlie Kaufman'],Human_Nature,219822,./data/IMSDB/texts/Human_Nature.txt,https://www.boxofficemojo.com/release/rl2388166145,Fine Line Features,"297,340",224,"Apr 12, 2002",264 days,R,96.0,"['Comedy', 'Drama']",224,"705,308","1,574,660",
548,In the Loop,['Comedy'],"['Jesse Armstrong', 'Simon Blackwell', 'Armando Iannucci', 'Tony Roche']",In_the_Loop,1226774,./data/IMSDB/texts/In_the_Loop.txt,https://www.boxofficemojo.com/release/rl660243969,IFC Films,"191,866",8,"Jul 24, 2009",161 days,,106.0,['Comedy'],92,"2,388,804","7,787,487",
550,"Incredibles, The","['Animation', 'Family', 'Adventure', 'Action', 'Comedy', 'Sci-Fi']",['Brad Bird'],Incredibles,3606756,./data/IMSDB/texts/Incredibles.txt,https://www.boxofficemojo.com/release/rl2071758337,Walt Disney Studios Motion Pictures,"182,687,905","4,410","Jun 15, 2018",203 days,PG,118.0,"['Action', 'Adventure', 'Animation', 'Comedy', 'Family', 'Sci-Fi']","4,410","608,581,744","1,242,805,359",
556,"Informant, The","['Comedy', 'Drama', 'Thriller']","['Scott Z. Burns', 'Kurt Eichenwald']",Informant,1833116,./data/IMSDB/texts/Informant.txt,,,,,,,,,,,,,
558,"Insider, The","['Drama', 'Thriller']","['Eric Roth', 'Michael Mann']",Insider,6051216,./data/IMSDB/texts/Insider.txt,,,,,,,,,,,,,
560,Insomnia,"['Crime', 'Drama', 'Thriller']",['Hilary Seitz'],Insomnia,3174376,./data/IMSDB/texts/Insomnia.txt,,,,,,,,,,,,,
566,Inventing the Abbotts,"['Drama', 'Romance']",['Ken Hixon'],Inventing_the_Abbotts,119381,./data/IMSDB/texts/Inventing_the_Abbotts.txt,https://www.boxofficemojo.com/release/rl123373057,Twentieth Century Fox,"2,301,138",898,"Apr 4, 1997",272 days,R,110.0,"['Drama', 'Romance']",898,"5,936,344","5,936,344",
569,"Iron Lady, The",['Drama'],['Abi Morgan'],Iron_Lady,1007029,./data/IMSDB/texts/Iron_Lady.txt,https://www.boxofficemojo.com/release/rl1733985793,The Weinstein Company,"220,409",4,"(Wide)Dec 30, 2011",368 days,PG-13,105.0,"['Biography', 'Drama']","1,244","30,017,992","115,890,699",
572,It Happened One Night,"['Romance', 'Comedy']","['Samuel Hopkins Adams', 'Robert Riskin']",It_Happened_One_Night,25316,./data/IMSDB/texts/It_Happened_One_Night.txt,,,,,,,,,,,,,
573,It Happened One Night,"['Romance', 'Comedy']","['Samuel Hopkins Adams', 'Robert Riskin']",It_Happened_One_Night,25316,./data/IMSDB/texts/It_Happened_One_Night.txt,,,,,,,,,,,,,
574,It's a Wonderful Life,"['Drama', 'Family', 'Fantasy', 'Romance']","['Frank Capra', 'Frances Goodrich', 'Albert Hackett', 'Jo Swerling']",It's_a_Wonderful_Life,38650,./data/IMSDB/texts/It's_a_Wonderful_Life.txt,,,,,,,,,,,,,
579,Jacob's Ladder,"['Drama', 'Thriller']",['Bruce Joel Rubin'],Jacob's_Ladder,99871,./data/IMSDB/texts/Jacob's_Ladder.txt,https://www.boxofficemojo.com/release/rl4267345409,TriStar Pictures,"7,500,760","1,052","Nov 2, 1990",63 days,,113.0,"['Drama', 'Horror', 'Mystery']","1,264","26,118,851","26,118,851",
580,Jane Eyre,"['Drama', 'Romance']",['Moira Buffini'],Jane_Eyre,1229822,./data/IMSDB/texts/Jane_Eyre.txt,,,,,,,,,,,,,
585,Jennifer Eight,"['Thriller', 'Mystery']",['Bruce Robinson'],Jennifer_Eight,104549,./data/IMSDB/texts/Jennifer_Eight.txt,https://www.boxofficemojo.com/release/rl1063093761,Paramount Pictures,"3,619,666",967,"Nov 6, 1992",63 days,R,124.0,"['Crime', 'Drama', 'Mystery', 'Thriller']","1,002","11,390,479","11,390,479",
588,Jeux Interdits,"['Drama', 'War']","['Jean Aurenche', 'Pierre Bost', 'François Boyer', 'René Clément']",Jeux_Interdits,43686,./data/IMSDB/texts/Jeux_Interdits.txt,https://www.boxofficemojo.com/release/rl1850902017,Rialto Pictures,"4,316",1,"Apr 24, 2015",252 days,,86.0,"['Comedy', 'Drama', 'War']",1 theater,"19,889","19,889",
590,Jimmy and Judy,['Action'],"['Randall Rubin', 'Jon Schroder']",Jimmy_and_Judy,1332273,./data/IMSDB/texts/Jimmy_and_Judy.txt,,,,,,,,,,,,,
599,Kafka,['Drama'],['Lem Dobbs'],Kafka,102181,./data/IMSDB/texts/Kafka.txt,https://www.boxofficemojo.com/release/rl3831334401,Miramax,"40,814",2,"Dec 4, 1991",394 days,,98.0,"['Drama', 'Mystery', 'Sci-Fi', 'Thriller']",32,"1,059,071","1,059,071",
600,Kalifornia,"['Crime', 'Thriller']",['Tim Metcalfe'],Kalifornia,107302,./data/IMSDB/texts/Kalifornia.txt,https://www.boxofficemojo.com/release/rl3680339457,Gramercy Pictures (I),"1,159,133",359,"Sep 3, 1993",120 days,R,117.0,"['Crime', 'Drama', 'Thriller']",359,"2,395,231","2,395,231",
604,Kill Bill Volume 1 & 2,"['Action', 'Comedy', 'Crime', 'Drama', 'Thriller']",['Quentin Tarantino'],Kill_Bill_Volume_1_&_2,422704,./data/IMSDB/texts/Kill_Bill_Volume_1_&_2.txt,,,,,,,,,,,,,
605,Kill Your Darlings,"['Drama', 'Romance']","['John Krokidas', 'Austin Bunn']",Kill_Your_Darlings,1311071,./data/IMSDB/texts/Kill_Your_Darlings.txt,https://www.boxofficemojo.com/release/rl2136770049,Sony Pictures Classics,"53,452",4,"Oct 16, 2013",442 days,R,104.0,"['Biography', 'Drama', 'Romance', 'Thriller']",78,"1,030,064","1,877,924",
608,"King of Comedy, The","['Comedy', 'Crime', 'Drama']",['Paul D. Zimmerman'],King_of_Comedy,188766,./data/IMSDB/texts/King_of_Comedy.txt,,,,,,,,,,,,,
610,"Kingdom, The","['Action', 'Drama', 'Thriller']",['Matthew Michael Carnahan'],Kingdom,3673794,./data/IMSDB/texts/Kingdom.txt,,,,,,,,,,,,,
611,Klute,"['Crime', 'Drama', 'Mystery', 'Thriller']","['Andy Lewis', 'David Lewis']",Klute,67309,./data/IMSDB/texts/Klute.txt,,,,,,,,,,,,,
613,Kramer vs Kramer,['Drama'],['Robert Benton'],Kramer_vs_Kramer,79417,./data/IMSDB/texts/Kramer_vs_Kramer.txt,,,,,,,,,,,,,
618,Labor of Love,"['Drama', 'Romance']",['M. Night Shyamalan'],Labor_of_Love,6044108,./data/IMSDB/texts/Labor_of_Love.txt,,,,,,,,,,,,,
619,Labyrinth,"['Family', 'Fantasy', 'Adventure', 'Musical']","['Dennis Lee', 'Jim Henson', 'Terry Jones', 'Elaine May']",Labyrinth,91369,./data/IMSDB/texts/Labyrinth.txt,https://www.boxofficemojo.com/release/rl3277620737,TriStar Pictures,"3,549,243","1,141","Jun 27, 1986",188 days,,101.0,"['Adventure', 'Family', 'Fantasy', 'Musical']","1,141","12,729,917","12,906,759",
624,"Last Boy Scout, The","['Action', 'Thriller']",['Shane Black'],Last_Boy_Scout,102266,./data/IMSDB/texts/Last_Boy_Scout.txt,https://www.boxofficemojo.com/release/rl1600095745,Warner Bros.,"7,923,669","1,823","Dec 13, 1991",385 days,R,105.0,"['Action', 'Comedy', 'Crime', 'Thriller']","1,823","59,509,925","59,509,925",
625,Last Chance Harvey,"['Drama', 'Romance']",['Joel Hopkins'],Last_Chance_Harvey,1046947,./data/IMSDB/texts/Last_Chance_Harvey.txt,https://www.boxofficemojo.com/release/rl1398769153,Overture Films,"97,260",6,"(Wide)Dec 25, 2008",372 days,PG-13,93.0,"['Drama', 'Romance']","1,108","14,889,042","32,566,966",
626,"Last Flight, The",['Drama'],['John Monk Saunders'],Last_Flight,2845056,./data/IMSDB/texts/Last_Flight.txt,,,,,,,,,,,,,
630,Last Tango in Paris,"['Drama', 'Romance']","['Bernardo Bertolucci', 'Franco Arcalli']",Last_Tango_in_Paris,70849,./data/IMSDB/texts/Last_Tango_in_Paris.txt,https://www.boxofficemojo.com/release/rl2287961601,United Artists,"1,250,000",Budget,"Jan 27, 1973","1,069 days",NC-17,129.0,"['Drama', 'Romance']","IMDbPro
                    See more details at IMDbPro","36,144,000","36,144,000",
632,Le Diable par la Queue,['Comedy'],"['Daniel Boulanger', 'Claude Sautet']",Le_Diable_par_la_Queue,16816,./data/IMSDB/texts/Le_Diable_par_la_Queue.txt,,,,,,,,,,,,,
636,Legion,"['Action', 'Fantasy', 'Horror', 'Thriller']","['Peter Schink', 'Scott Stewart']",Legion,5114356,./data/IMSDB/texts/Legion.txt,,,,,,,,,,,,,
639,Les Tontons Flingueurs,"['Action', 'Comedy', 'Crime']","['Michel Audiard', 'Georges Lautner', 'Albert Simonin']",Les_Tontons_Flingueurs,57591,./data/IMSDB/texts/Les_Tontons_Flingueurs.txt,,,,,,,,,,,,,
640,Leviathan,"['Horror', 'Sci-Fi', 'Thriller']","['David Peoples', 'Jeb Stuart']",Leviathan,97737,./data/IMSDB/texts/Leviathan.txt,https://www.boxofficemojo.com/release/rl1214154241,Metro-Goldwyn-Mayer (MGM),"5,029,164","1,393","Mar 17, 1989",290 days,,98.0,"['Adventure', 'Horror', 'Mystery', 'Sci-Fi', 'Thriller']","1,393","15,704,614","15,704,614",
651,Little Athens,"['Comedy', 'Drama']","['Jeff Zuber', 'Tom Zuber']",Little_Athens,1614456,./data/IMSDB/texts/Little_Athens.txt,,,,,,,,,,,,,
652,Little Men,['Drama'],"['Ira Sachs', 'Mauricio Zacharias']",Little_Men,4919484,./data/IMSDB/texts/Little_Men.txt,https://www.boxofficemojo.com/release/rl1988003329,Magnolia Pictures,"30,368",2,"Aug 5, 2016",154 days,PG,85.0,['Drama'],61,"702,537","2,008,649",
653,"Little Mermaid, The","['Family', 'Animation', 'Comedy', 'Musical', 'Romance', 'Fantasy']","['Roger Allers', 'Hans Christian Andersen', 'Howard Ashman', 'Ron Clements', 'John Musker']",Little_Mermaid,97757,./data/IMSDB/texts/Little_Mermaid.txt,https://www.boxofficemojo.com/release/rl929138177,Walt Disney Studios Motion Pictures,"6,031,914",994,"Nov 17, 1989",410 days,,83.0,"['Animation', 'Family', 'Fantasy', 'Musical', 'Romance']","1,533","84,355,863","184,155,863",
655,Living in Oblivion,"['Comedy', 'Drama']",['Tom DiCillo'],Living_in_Oblivion,113677,./data/IMSDB/texts/Living_in_Oblivion.txt,https://www.boxofficemojo.com/release/rl190940673,Sony Pictures Classics,"47,965",2,"Jul 14, 1995",171 days,R,90.0,"['Comedy', 'Drama']",2,"1,111,790","1,111,790",
658,Logan's Run,"['Action', 'Adventure', 'Sci-Fi']",['David Zelgan Goodman'],Logan's_Run,74812,./data/IMSDB/texts/Logan's_Run.txt,,,,,,,,,,,,,
662,Lord of Illusions,"['Fantasy', 'Horror', 'Thriller']",['Clive Barker'],Lord_of_Illusions,113690,./data/IMSDB/texts/Lord_of_Illusions.txt,https://www.boxofficemojo.com/release/rl2892072449,Metro-Goldwyn-Mayer (MGM),"4,800,258","1,533","Aug 25, 1995",129 days,R,109.0,"['Horror', 'Mystery', 'Thriller']","1,533","13,294,422","13,294,422",
668,Lost Highway,"['Drama', 'Mystery', 'Thriller', 'Horror']","['David Lynch', 'Barry Gifford']",Lost_Highway,116922,./data/IMSDB/texts/Lost_Highway.txt,https://www.boxofficemojo.com/release/rl2338424321,October Films,"212,710",12,"Feb 21, 1997",314 days,R,134.0,"['Mystery', 'Thriller']",337,"3,675,201","3,675,201",
669,Lost Horizon,"['Adventure', 'Fantasy', 'Sci-Fi', 'Drama', 'Mystery']","['James Hilton', 'Robert Riskin']",Lost_Horizon,70337,./data/IMSDB/texts/Lost_Horizon.txt,,,,,,,,,,,,,
670,Lost in Space,"['Action', 'Adventure', 'Sci-Fi']","['Irwin Allen', 'Akiva Goldsman']",Lost_in_Space,5232792,./data/IMSDB/texts/Lost_in_Space.txt,,,,,,,,,,,,,
685,Man Trouble,"['Comedy', 'Romance']",['Carole Eastman'],Man_Trouble,104804,./data/IMSDB/texts/Man_Trouble.txt,https://www.boxofficemojo.com/release/rl23299585,Twentieth Century Fox,"2,034,475","1,009","Jul 17, 1992",168 days,PG-13,100.0,"['Comedy', 'Romance']","1,009","4,096,030","4,096,030",
686,"Man Who Knew Too Much, The","['Adventure', 'Drama', 'Thriller']",['John Michael Hayes'],Man_Who_Knew_Too_Much,49470,./data/IMSDB/texts/Man_Who_Knew_Too_Much.txt,,,,,,,,,,,,,
687,"Man Who Wasn't There, The","['Comedy', 'Drama', 'Crime']","['Joel Coen', 'Ethan Coen']",Man_Who_Wasn't_There,243133,./data/IMSDB/texts/Man_Who_Wasn't_There.txt,https://www.boxofficemojo.com/release/rl2086897153,USA Films,"664,404",39,"Nov 2, 2001",425 days,R,116.0,"['Crime', 'Drama']",259,"7,504,257","18,916,623",
689,Manhattan Murder Mystery,"['Comedy', 'Crime', 'Mystery']","['Woody Allen', 'Marshall Brickman']",Manhattan_Murder_Mystery,107507,./data/IMSDB/texts/Manhattan_Murder_Mystery.txt,https://www.boxofficemojo.com/release/rl576947713,TriStar Pictures,"2,015,360",268,"Aug 18, 1993",136 days,PG,104.0,"['Comedy', 'Mystery']",337,"11,330,911","11,330,911",
690,Manhunter,"['Drama', 'Thriller', 'Horror']","['Thomas Harris', 'Michael Mann']",Manhunter,91474,./data/IMSDB/texts/Manhunter.txt,,,,,,,,,,,,,
693,Margot at the Wedding,"['Comedy', 'Drama']",['Noah Baumbach'],Margot_at_the_Wedding,757361,./data/IMSDB/texts/Margot_at_the_Wedding.txt,https://www.boxofficemojo.com/release/rl1701021185,Paramount Vantage,"81,035",2,"Nov 16, 2007",412 days,R,93.0,"['Comedy', 'Drama']",121,"1,959,420","2,900,156",
698,Marty,"['Drama', 'Romance']",['Paddy Chayefsky'],Marty,48356,./data/IMSDB/texts/Marty.txt,,,,,,,,,,,,,
699,Mary Poppins,"['Family', 'Comedy', 'Musical', 'Fantasy', 'Drama', 'Animation']","['Bill Walsh', 'Don DaGradi']",Mary_Poppins,58331,./data/IMSDB/texts/Mary_Poppins.txt,,,,,,,,,,,,,
706,Mean Streets,"['Crime', 'Drama']","['Martin Scorsese', 'Mardik Martin', 'Ethan Edwards']",Mean_Streets,70379,./data/IMSDB/texts/Mean_Streets.txt,,,,,,,,,,,,,
709,Meet John Doe,"['Comedy', 'Drama']","['Richard Connell', 'Robert Presnell Sr.']",Meet_John_Doe,33891,./data/IMSDB/texts/Meet_John_Doe.txt,,,,,,,,,,,,,
715,Metro,"['Action', 'Thriller', 'Drama']",['Randy Feldman'],Metro,381966,./data/IMSDB/texts/Metro.txt,,,,,,,,,,,,,
716,Miami Vice,"['Action', 'Crime', 'Drama', 'Thriller']","['Michael Mann', 'Anthony Yerkovich']",Miami_Vice,86759,./data/IMSDB/texts/Miami_Vice.txt,,,,,,,,,,,,,
717,Midnight Cowboy,['Drama'],"['James Leo Herlihy', 'Waldo Salt']",Midnight_Cowboy,64665,./data/IMSDB/texts/Midnight_Cowboy.txt,,,,,,,,,,,,,
718,Midnight Express,"['Crime', 'Drama', 'Thriller']","['Oliver Stone', 'Billy Hayes', 'William Hoffer']",Midnight_Express,77928,./data/IMSDB/texts/Midnight_Express.txt,,,,,,,,,,,,,
721,Mighty Morphin Power Rangers: The Movie,"['Family', 'Action']","['John Kamps', 'Arne Olsen']",Mighty_Morphin_Power_Rangers:_The_Movie,113820,./data/IMSDB/texts/Mighty_Morphin_Power_Rangers:_The_Movie.txt,https://www.boxofficemojo.com/release/rl2556593665,Twentieth Century Fox,"13,104,788","2,409","Jun 30, 1995",185 days,PG,95.0,"['Action', 'Adventure', 'Family', 'Sci-Fi', 'Thriller']","2,409","38,187,431","66,433,194",
723,Miller's Crossing,"['Crime', 'Drama', 'Thriller']","['Joel Coen', 'Ethan Coen']",Miller's_Crossing,100150,./data/IMSDB/texts/Miller's_Crossing.txt,https://www.boxofficemojo.com/release/rl2523039233,Twentieth Century Fox,"28,202",1,"Sep 21, 1990",105 days,,115.0,"['Crime', 'Drama', 'Thriller']",289,"5,080,409","5,080,409",
727,"Miracle Worker, The",['Drama'],['William Gibson'],Miracle_Worker,7529770,./data/IMSDB/texts/Miracle_Worker.txt,,,,,,,,,,,,,
729,Misery,"['Drama', 'Horror', 'Thriller']",['William Goldman'],Misery,100157,./data/IMSDB/texts/Misery.txt,https://www.boxofficemojo.com/release/rl3781330433,Columbia Pictures,"10,076,834","1,244","Nov 30, 1990",397 days,,107.0,"['Drama', 'Thriller']","1,370","61,276,872","61,276,872",
738,Moonstruck,"['Comedy', 'Romance', 'Drama']",['John Patrick Shanley'],Moonstruck,93565,./data/IMSDB/texts/Moonstruck.txt,https://www.boxofficemojo.com/release/rl1550157313,Metro-Goldwyn-Mayer (MGM),"127,599",7,"(Wide)Dec 18, 1987",380 days,,102.0,"['Comedy', 'Drama', 'Romance']","1,178","80,640,528","80,640,528",
739,Mr Blandings Builds His Dream House,['Comedy'],"['Melvin Frank', 'Norman Panama']",Mr_Blandings_Builds_His_Dream_House,40613,./data/IMSDB/texts/Mr_Blandings_Builds_His_Dream_House.txt,,,,,,,,,,,,,
740,Mr Brooks,"['Crime', 'Drama', 'Thriller']","['Bruce A. Evans', 'Raynold Gideon']",Mr_Brooks,780571,./data/IMSDB/texts/Mr_Brooks.txt,,,,,,,,,,,,,
741,Mr Deeds Goes to Town,['Comedy'],"['Clarence Budington Kelland', 'Robert Riskin']",Mr_Deeds_Goes_to_Town,27996,./data/IMSDB/texts/Mr_Deeds_Goes_to_Town.txt,,,,,,,,,,,,,
742,Mrs. Brown,"['Drama', 'Romance']",['Jeremy Brock'],Mrs,119280,./data/IMSDB/texts/Mrs.txt,https://www.boxofficemojo.com/release/rl4284843521,Miramax,"76,268",6,"Jul 18, 1997",167 days,PG,101.0,"['Biography', 'Drama', 'History', 'Romance']",432,"9,229,808","9,229,808",
744,Mulan,"['Family', 'Animation', 'Comedy', 'Musical', 'Adventure']",['Robert D. San Souci'],Mulan,4566758,./data/IMSDB/texts/Mulan.txt,,,,,,,,,,,,,
749,Mute Witness,"['Horror', 'Thriller']",['Anthony Waller'],Mute_Witness,110604,./data/IMSDB/texts/Mute_Witness.txt,https://www.boxofficemojo.com/release/rl660899329,Sony Pictures Classics,"560,048",284,"Sep 15, 1995",108 days,R,95.0,"['Crime', 'Thriller']",284,"1,125,910","1,125,910",
752,My Mother Dreams the Satan's Disciples in New York,['Short'],['Rex Pickett'],My_Mother_Dreams_the_Satan's_Disciples_in_New_York,177023,./data/IMSDB/texts/My_Mother_Dreams_the_Satan's_Disciples_in_New_York.txt,,,,,,,,,,,,,
756,Nashville,"['Drama', 'Musical']",['Joan Tewksbury'],Nashville,2281375,./data/IMSDB/texts/Nashville.txt,,,,,,,,,,,,,
759,"Neverending Story, The","['Fantasy', 'Adventure', 'Family']","['Michael Ende', 'Wolfgang Petersen', 'Herman Weigel']",Neverending_Story,88323,./data/IMSDB/texts/Neverending_Story.txt,https://www.boxofficemojo.com/release/rl3865347585,Warner Bros.,"4,325,823",950,"Jul 20, 1984",165 days,,102.0,"['Adventure', 'Drama', 'Family', 'Fantasy']",950,"20,158,808","20,158,808",
765,Ni vu ni connu,['Comedy'],"['Alphonse Allais', 'Jacques Celhay', 'Jean Marsan', 'Yves Robert']",Ni_vu_ni_connu,51989,./data/IMSDB/texts/Ni_vu_ni_connu.txt,,,,,,,,,,,,,
766,Nick of Time,"['Crime', 'Drama', 'Thriller']","['Patrick Duncan', 'Ebbe Roe Smith']",Nick_of_Time,113972,./data/IMSDB/texts/Nick_of_Time.txt,https://www.boxofficemojo.com/release/rl593987073,Paramount Pictures,"2,781,601","1,849","Nov 22, 1995",44 days,R,90.0,"['Action', 'Crime', 'Drama', 'Thriller']","1,849","8,175,346","8,175,346",
767,Night Time (The Poltergeist Treatment),['Horror'],['Steven Spielberg'],Night_Time_(The_Poltergeist_Treatment),0,./data/IMSDB/texts/Night_Time_(The_Poltergeist_Treatment).txt,,,,,,,,,,,,,
768,Nightbreed,"['Action', 'Fantasy', 'Horror']",['Clive Barker'],Nightbreed,100260,./data/IMSDB/texts/Nightbreed.txt,https://www.boxofficemojo.com/release/rl476546561,Twentieth Century Fox,"3,708,918","1,488","Feb 16, 1990",319 days,,102.0,"['Action', 'Fantasy', 'Horror']","1,488","8,862,354","8,862,354",
769,"Nightmare Before Christmas, The","['Animation', 'Comedy', 'Fantasy', 'Horror', 'Musical']",['Caroline Thompson'],Nightmare_Before_Christmas,107688,./data/IMSDB/texts/Nightmare_Before_Christmas.txt,https://www.boxofficemojo.com/release/rl124225025,Walt Disney Studios Motion Pictures,"191,232",2,"(Wide)Oct 15, 1993",84 days,PG,76.0,"['Animation', 'Family', 'Fantasy', 'Musical']","1,671","50,003,043","50,003,043",
770,"Nightmare Before Christmas, The","['Animation', 'Comedy', 'Fantasy', 'Horror', 'Musical']",['Caroline Thompson'],Nightmare_Before_Christmas,107688,./data/IMSDB/texts/Nightmare_Before_Christmas.txt,https://www.boxofficemojo.com/release/rl124225025,Walt Disney Studios Motion Pictures,"191,232",2,"(Wide)Oct 15, 1993",84 days,PG,76.0,"['Animation', 'Family', 'Fantasy', 'Musical']","1,671","50,003,043","50,003,043",
772,Nightmare on Elm Street: The Final Chapter,"['Comedy', 'Horror', 'Mystery']","['Wes Craven', 'Rachel Talalay']",Nightmare_on_Elm_Street:_The_Final_Chapter,0,./data/IMSDB/texts/Nightmare_on_Elm_Street:_The_Final_Chapter.txt,,,,,,,,,,,,,
774,"Nines, The","['Drama', 'Horror', 'Mystery', 'Thriller']",['John August'],Nines,2467372,./data/IMSDB/texts/Nines.txt,,,,,,,,,,,,,
776,Ninotchka,"['Comedy', 'Romance']","['Melchior Lengyel', 'Charles Brackett', 'Billy Wilder', 'Walter Reisch']",Ninotchka,31725,./data/IMSDB/texts/Ninotchka.txt,,,,,,,,,,,,,
788,Omega Man,"['Drama', 'Sci-Fi', 'Thriller']",['John William Corrington'],Omega_Man,67525,./data/IMSDB/texts/Omega_Man.txt,,,,,,,,,,,,,
792,Orgy of the Dead,"['Fantasy', 'Horror']",['Ed Wood'],Orgy_of_the_Dead,54240,./data/IMSDB/texts/Orgy_of_the_Dead.txt,,,,,,,,,,,,,
799,Papadopoulos & Sons,"['Comedy', 'Drama']",['Marcus Markou'],Papadopoulos_&_Sons,2006810,./data/IMSDB/texts/Papadopoulos_&_Sons.txt,,,,,,,,,,,,,
801,Pariah,['Drama'],['Dee Rees'],Pariah,1233334,./data/IMSDB/texts/Pariah.txt,https://www.boxofficemojo.com/release/rl2255062529,Focus Features,"48,579",4,"Dec 28, 2011",370 days,R,86.0,['Drama'],24,"769,552","769,552",
803,"Passion of Joan of Arc, The",['Drama'],"['Joseph Delteil', 'Carl Theodor Dreyer']",Passion_of_Joan_of_Arc,19254,./data/IMSDB/texts/Passion_of_Joan_of_Arc.txt,https://www.boxofficemojo.com/release/rl889554433,Janus Films,"6,408",1,"Nov 24, 2017",42 days,,110.0,"['Biography', 'Drama', 'History']",1 theater,"21,877","21,877",
804,"Patriot, The","['Action', 'Drama', 'War']",['Robert Rodat'],Patriot,4687882,./data/IMSDB/texts/Patriot.txt,,,,,,,,,,,,,
807,Peeping Tom,"['Drama', 'Horror', 'Thriller']",['Leo Marks'],Peeping_Tom,54167,./data/IMSDB/texts/Peeping_Tom.txt,,,,,,,,,,,,,
809,Perfect Creature,"['Action', 'Drama', 'Fantasy', 'Horror', 'Sci-Fi']",['Glenn Standring'],Perfect_Creature,403407,./data/IMSDB/texts/Perfect_Creature.txt,,,,,,,,,,,,,
810,"Perfect World, A","['Action', 'Crime', 'Drama']",['John Lee Hancock'],Perfect_World,107808,./data/IMSDB/texts/Perfect_World.txt,https://www.boxofficemojo.com/release/rl1969784321,Warner Bros.,"8,075,582","1,964","Nov 24, 1993",403 days,PG-13,138.0,"['Crime', 'Drama', 'Thriller']","1,964","31,130,999","135,130,999",
813,Pet Sematary II,['Horror'],"['Richard Outten', 'David S. Goyer']",Pet_Sematary_II,105128,./data/IMSDB/texts/Pet_Sematary_II.txt,https://www.boxofficemojo.com/release/rl1432913409,Paramount Pictures,"4,825,100","1,852","Aug 28, 1992",126 days,R,100.0,"['Fantasy', 'Horror']","1,852","17,092,453","17,092,453",
814,Petulia,['Drama'],['Larry Marcus'],Petulia,63426,./data/IMSDB/texts/Petulia.txt,,,,,,,,,,,,,
815,Philadelphia,['Drama'],['Ron Nyswaner'],Philadelphia,472954,./data/IMSDB/texts/Philadelphia.txt,,,,,,,,,,,,,
825,Platinum Blonde,"['Comedy', 'Romance']","['Harry E. Chandlee', 'Douglas W. Churchill', 'Robert Riskin']",Platinum_Blonde,22268,./data/IMSDB/texts/Platinum_Blonde.txt,,,,,,,,,,,,,
826,Platoon,"['Action', 'Drama', 'War']",['Oliver Stone'],Platoon,91763,./data/IMSDB/texts/Platoon.txt,,,,,,,,,,,,,
829,Pokemon: Mewtwo Returns,"['Animation', 'Adventure', 'Family', 'Fantasy']",['Masamitsu Hidaka'],Pokemon:_Mewtwo_Returns,304564,./data/IMSDB/texts/Pokemon:_Mewtwo_Returns.txt,,,,,,,,,,,,,
831,"Power of One, The",['Drama'],['Robert Mark Kamen'],Power_of_One,105159,./data/IMSDB/texts/Power_of_One.txt,https://www.boxofficemojo.com/release/rl1147897345,Warner Bros.,"684,358",143,"Mar 27, 1992",280 days,PG-13,127.0,"['Drama', 'Sport']",143,"2,827,107","2,827,107",
836,Pretty Woman (final script),"['Comedy', 'Romance']",['Jonathan Frederick Lawton'],Pretty_Woman_(final_script),0,./data/IMSDB/texts/Pretty_Woman_(final_script).txt,,,,,,,,,,,,,
837,Pride and Prejudice,"['Drama', 'Romance']",['Deborah Moggach'],Pride_and_Prejudice,112130,./data/IMSDB/texts/Pride_and_Prejudice.txt,,,,,,,,,,,,,
840,"Private Life of Sherlock Holmes, The","['Comedy', 'Drama', 'Mystery']","['Billy Wilder', 'I.A.L Diamond']",Private_Life_of_Sherlock_Holmes,66249,./data/IMSDB/texts/Private_Life_of_Sherlock_Holmes.txt,,,,,,,,,,,,,
842,"Program, The","['Action', 'Drama']","['David S. Ward', 'Aaron Latham']",Program,107889,./data/IMSDB/texts/Program.txt,https://www.boxofficemojo.com/release/rl946505217,Walt Disney Studios Motion Pictures,"6,821,931","1,653","Sep 24, 1993",99 days,R,112.0,"['Action', 'Drama', 'Romance', 'Sport']","1,661","23,032,565","23,032,565",
843,Prom Night,"['Horror', 'Mystery', 'Thriller']","['William Gray', 'Bob Guza']",Prom_Night,81383,./data/IMSDB/texts/Prom_Night.txt,,,,,,,,,,,,,
845,"Prophecy, The","['Horror', 'Thriller', 'Fantasy', 'Mystery']",['Gregory Widen'],Prophecy,114194,./data/IMSDB/texts/Prophecy.txt,https://www.boxofficemojo.com/release/rl761955841,Dimension Films,"7,510,332","1,663","Sep 1, 1995",122 days,R,98.0,"['Action', 'Crime', 'Drama', 'Fantasy', 'Horror', 'Mystery', 'Thriller']","1,663","16,115,878","16,115,878",
847,Psycho,"['Horror', 'Thriller']","['Robert Bloch', 'Joseph Stefano']",Psycho,54215,./data/IMSDB/texts/Psycho.txt,https://www.boxofficemojo.com/release/rl141198849,Paramount Pictures,"806,947",Budget,"Jun 16, 1960",929 days,R,109.0,"['Horror', 'Mystery', 'Thriller']","IMDbPro
                    See more details at IMDbPro","32,000,000","32,000,000",
851,Purple Rain,"['Drama', 'Music']","['Albert Magnoli', 'William Blinn']",Purple_Rain,87957,./data/IMSDB/texts/Purple_Rain.txt,https://www.boxofficemojo.com/release/rl1533707777,Warner Bros.,"7,766,201",917,"Jul 27, 1984",158 days,,111.0,"['Drama', 'Music', 'Romance']","1,022","68,392,977","68,392,977",
852,Quantum Project,"['Drama', 'Short']",['David Aaron Cohen'],Quantum_Project,8574978,./data/IMSDB/texts/Quantum_Project.txt,,,,,,,,,,,,,
854,"Queen, The",['Drama'],['Peter Morgan'],Queen,10048342,./data/IMSDB/texts/Queen.txt,,,,,,,,,,,,,
857,Raising Arizona,['Comedy'],"['Joel Coen', 'Ethan Coen']",Raising_Arizona,93822,./data/IMSDB/texts/Raising_Arizona.txt,https://www.boxofficemojo.com/release/rl3832186369,Twentieth Century Fox,"36,240",1,"(Wide)Mar 13, 1987",294 days,,94.0,"['Comedy', 'Crime']",697,"22,847,564","29,180,280",
859,Rambo: First Blood II: The Mission,"['Action', 'Adventure']",['James Cameron'],Rambo:_First_Blood_II:_The_Mission,89880,./data/IMSDB/texts/Rambo:_First_Blood_II:_The_Mission.txt,https://www.boxofficemojo.com/release/rl3697968641,TriStar Pictures,"20,176,217","2,074","May 22, 1985",224 days,,96.0,"['Action', 'Adventure', 'Thriller']","2,074","150,415,432","300,400,432",
861,Real Genius,['Comedy'],"['Neal Israel', 'Pat Proft', 'Peter Torokvel']",Real_Genius,89886,./data/IMSDB/texts/Real_Genius.txt,https://www.boxofficemojo.com/release/rl409830913,TriStar Pictures,"2,557,180",990,"Aug 9, 1985",145 days,,108.0,"['Comedy', 'Romance', 'Sci-Fi']",990,"12,952,019","12,952,019",
862,Rear Window,"['Thriller', 'Mystery']","['Cornell Woolrich', 'John Michael Hayes']",Rear_Window,47396,./data/IMSDB/texts/Rear_Window.txt,,,,,,,,,,,,,
863,Rebel Without A Cause,['Drama'],['Stewart Stern'],Rebel_Without_A_Cause,48545,./data/IMSDB/texts/Rebel_Without_A_Cause.txt,,,,,,,,,,,,,
864,Red Planet,"['Action', 'Sci-Fi', 'Thriller']","['Chuck Pfarrer', 'Jonathan Lemkin']",Red_Planet,4939064,./data/IMSDB/texts/Red_Planet.txt,,,,,,,,,,,,,
867,"Relic, The","['Horror', 'Thriller']",['Amy Holden Jones'],Relic,9072352,./data/IMSDB/texts/Relic.txt,https://www.boxofficemojo.com/release/rl1807647233,IFC Films,"192,352",69,"Jul 3, 2020",129 days,R,89.0,"['Drama', 'Horror', 'Mystery', 'Thriller']",133,"1,047,083","2,158,255",
871,"Rescuers Down Under, The","['Animation', 'Family', 'Adventure']","['Margery Sharp', 'Jim Cox', 'Karey Kirkpatrick']",Rescuers_Down_Under,100477,./data/IMSDB/texts/Rescuers_Down_Under.txt,https://www.boxofficemojo.com/release/rl2506982913,Walt Disney Studios Motion Pictures,"3,499,819","1,230","Nov 16, 1990",411 days,,77.0,"['Adventure', 'Animation', 'Crime', 'Drama', 'Family', 'Fantasy', 'Mystery']","1,487","27,931,461","27,931,461",
877,Ringu,"['Horror', 'Mystery', 'Thriller']",['Takahashi Hiroshi'],Ringu,178868,./data/IMSDB/texts/Ringu.txt,,,,,,,,,,,,,
880,RKO 281,['Drama'],['John Logan'],RKO_281,120801,./data/IMSDB/texts/RKO_281.txt,,,,,,,,,,,,,
885,Rocky,"['Drama', 'Romance']",['Sylvester Stallone'],Rocky,75148,./data/IMSDB/texts/Rocky.txt,,,,,,,,,,,,,
886,"Rocky Horror Picture Show, The","['Comedy', 'Horror', 'Musical', 'Sci-Fi']","[""Richard O'Brien"", ' Jim Sharman']",Rocky_Horror_Picture_Show,73629,./data/IMSDB/texts/Rocky_Horror_Picture_Show.txt,,,,,,,,,,,,,
887,Romeo & Juliet,"['Crime', 'Drama', 'Romance']","['William Shakespeare', 'Craig Pearce', 'Baz Luhrmann']",Romeo_&_Juliet,1645131,./data/IMSDB/texts/Romeo_&_Juliet.txt,https://www.boxofficemojo.com/release/rl2657912321,Relativity Media,"520,116",461,"Oct 11, 2013",84 days,PG-13,118.0,"['Drama', 'Romance']",461,"1,162,635","2,966,268",
891,Roughshod,['Western'],"['Hugo Butler', 'Geoffrey Homes', 'Peter Viertel']",Roughshod,6359140,./data/IMSDB/texts/Roughshod.txt,,,,,,,,,,,,,
898,Rust and Bone,"['Drama', 'Romance']","['Jacques Audiard', 'Thomas Bidegain']",Rust_and_Bone,2053425,./data/IMSDB/texts/Rust_and_Bone.txt,,,,,,,,,,,,,
899,S. Darko,"['Crime', 'Mystery', 'Sci-Fi', 'Thriller']",['Nathan Atkins'],S,1231277,./data/IMSDB/texts/S.txt,https://www.boxofficemojo.com/release/rl845055233,Gulf Film,"19,708",11,"Mar 10, 2011",297 days,R,103.0,"['Drama', 'Mystery', 'Sci-Fi', 'Thriller']",11,"44,103","44,103",
900,"Saint, The","['Action', 'Romance', 'Thriller']",['Jonathan Hensleigh'],Saint,55701,./data/IMSDB/texts/Saint.txt,,,,,,,,,,,,,
902,"Sandlot Kids, The","['Comedy', 'Drama', 'Family']","['David Mickey Evans', 'Robert Gunter']",Sandlot_Kids,108037,./data/IMSDB/texts/Sandlot_Kids.txt,https://www.boxofficemojo.com/release/rl1215268353,Twentieth Century Fox,"4,918,712","1,772","Apr 9, 1993",267 days,PG,101.0,"['Comedy', 'Drama', 'Family', 'Sport']","1,775","32,434,006","33,832,313",
912,Scream 2,"['Horror', 'Mystery', 'Thriller']",['Kevin Williamson'],Scream_2,120082,./data/IMSDB/texts/Scream_2.txt,,,,,,,,,,,,,
915,"Searchers, The","['Drama', 'Western']",['Frank Nugent'],Searchers,49730,./data/IMSDB/texts/Searchers.txt,,,,,,,,,,,,,
922,"Seventh Seal, The","['Drama', 'Fantasy']",['Ingmar Bergman'],Seventh_Seal,50976,./data/IMSDB/texts/Seventh_Seal.txt,,,,,,,,,,,,,
923,Sex and the City,"['Comedy', 'Drama', 'Romance']",['Michael Patrick King'],Sex_and_the_City,159206,./data/IMSDB/texts/Sex_and_the_City.txt,,,,,,,,,,,,,
925,Sexual Life,"['Comedy', 'Drama']",['Ken Kwapis'],Sexual_Life,3212952,./data/IMSDB/texts/Sexual_Life.txt,,,,,,,,,,,,,
929,Shampoo,['Drama'],"['Robert Towne', 'Warren Beatty']",Shampoo,73692,./data/IMSDB/texts/Shampoo.txt,,,,,,,,,,,,,
933,Shifty,['Thriller'],['Eran Creevy'],Shifty,1104126,./data/IMSDB/texts/Shifty.txt,,,,,,,,,,,,,
936,Shivers,"['Horror', 'Sci-Fi']",['David Cronenberg'],Shivers,73705,./data/IMSDB/texts/Shivers.txt,,,,,,,,,,,,,
946,Simone,"['Comedy', 'Drama', 'Sci-Fi']",['Andrew Niccol'],Simone,258153,./data/IMSDB/texts/Simone.txt,https://www.boxofficemojo.com/release/rl1148290561,New Line Cinema,"3,813,463","1,920","Aug 23, 2002",131 days,PG-13,117.0,"['Comedy', 'Drama', 'Sci-Fi']","1,920","9,688,676","19,576,023",
947,Single White Female,"['Drama', 'Thriller']","['Don Roos', 'John Lutz']",Single_White_Female,105414,./data/IMSDB/texts/Single_White_Female.txt,https://www.boxofficemojo.com/release/rl544572929,Columbia Pictures,"10,212,401","1,744","Aug 14, 1992",140 days,R,107.0,"['Drama', 'Thriller']","1,744","48,017,402","48,017,402",
948,Sister Act,"['Comedy', 'Crime', 'Musical']",['Paul Rudnick'],Sister_Act,105417,./data/IMSDB/texts/Sister_Act.txt,https://www.boxofficemojo.com/release/rl2456913409,Walt Disney Studios Motion Pictures,"11,894,587","1,430","May 29, 1992",217 days,PG,100.0,"['Comedy', 'Crime', 'Family', 'Music']","2,087","139,605,150","231,605,150",
949,Six Degrees of Separation,"['Comedy', 'Drama', 'Mystery']",['John Guare'],Six_Degrees_of_Separation,108149,./data/IMSDB/texts/Six_Degrees_of_Separation.txt,https://www.boxofficemojo.com/release/rl2154923521,Metro-Goldwyn-Mayer (MGM),"53,058",2,"Dec 10, 1993",387 days,R,112.0,"['Comedy', 'Drama', 'Mystery']",201,"6,405,918","6,405,918",
955,Slumdog Millionaire,"['Crime', 'Drama', 'Romance']","['Simon Beaufoy', 'Vikas Swarup']",Slumdog_Millionaire,1010048,./data/IMSDB/texts/Slumdog_Millionaire.txt,,,,,,,,,,,,,
956,Smashed,"['Comedy', 'Drama']","['Susan Burke', 'James Ponsoldt']",Smashed,2063781,./data/IMSDB/texts/Smashed.txt,https://www.boxofficemojo.com/release/rl762349057,Sony Pictures Classics,"26,943",4,"Oct 12, 2012",446 days,R,81.0,['Drama'],50,"376,597","499,725",
961,So I Married an Axe Murderer,"['Comedy', 'Romance', 'Thriller']",['Robbie Fox'],So_I_Married_an_Axe_Murderer,108174,./data/IMSDB/texts/So_I_Married_an_Axe_Murderer.txt,https://www.boxofficemojo.com/release/rl491095553,TriStar Pictures,"3,466,930","1,349","Jul 30, 1993",155 days,PG-13,93.0,"['Comedy', 'Romance']","1,355","11,585,483","11,585,483",
962,"Social Network, The",['Drama'],['Aaron Sorkin'],Social_Network,1285016,./data/IMSDB/texts/Social_Network.txt,,,,,,,,,,,,,
965,Someone To Watch Over Me,"['Action', 'Crime', 'Thriller', 'Drama']","['Howard Franklin', 'Danilo Bach', 'David Seltzer']",Someone_To_Watch_Over_Me,94008,./data/IMSDB/texts/Someone_To_Watch_Over_Me.txt,https://www.boxofficemojo.com/release/rl58230273,Columbia Pictures,"2,908,796",892,"Oct 9, 1987",91 days,,106.0,"['Crime', 'Drama', 'Romance', 'Thriller']",894,"10,278,549","10,278,549",
968,South Park,"['Animation', 'Comedy', 'Musical']","['Trey Parker', 'Matt Stone', 'Pam Brady']",South_Park,121955,./data/IMSDB/texts/South_Park.txt,,,,,,,,,,,,,
969,Space Milkshake,"['Comedy', 'Sci-Fi']",['Armen Evrensel'],Space_Milkshake,6247390,./data/IMSDB/texts/Space_Milkshake.txt,,,,,,,,,,,,,
971,Spare Me,['Thriller'],"['Christopher Grimm', 'Matthew Harrison']",Spare_Me,1078001,./data/IMSDB/texts/Spare_Me.txt,,,,,,,,,,,,,
972,Spartan,"['Crime', 'Drama', 'Thriller']",['Brian Helgeland'],Spartan,360009,./data/IMSDB/texts/Spartan.txt,https://www.boxofficemojo.com/release/rl3564144129,Warner Bros.,"2,011,435",832,"Mar 12, 2004",295 days,R,106.0,"['Action', 'Crime', 'Drama', 'Mystery', 'Thriller']",832,"4,434,432","8,112,712",
977,Star Trek,"['Action', 'Adventure', 'Sci-Fi']","['Roberto Orci', 'Alex Kurtzman']",Star_Trek,60028,./data/IMSDB/texts/Star_Trek.txt,,,,,,,,,,,,,
990,Starman,"['Adventure', 'Drama', 'Romance', 'Sci-Fi']","['Bruce A. Evans', 'Raynold Gideon']",Starman,88172,./data/IMSDB/texts/Starman.txt,https://www.boxofficemojo.com/release/rl1165198849,Columbia Pictures,"2,872,022","1,261","Dec 14, 1984",383 days,,115.0,"['Romance', 'Sci-Fi']","1,271","28,744,356","28,744,356",
992,State and Main,['Comedy'],['David Mamet'],State_and_Main,120202,./data/IMSDB/texts/State_and_Main.txt,https://www.boxofficemojo.com/release/rl2658371073,Fine Line Features,"580,163",72,"Dec 22, 2000",375 days,R,105.0,"['Comedy', 'Drama']",462,"6,944,471","9,206,279",
993,Station West,['Western'],"['Frank Fenton', 'Winston Miller', 'Luke Short']",Station_West,6987770,./data/IMSDB/texts/Station_West.txt,,,,,,,,,,,,,
995,"Sting, The","['Comedy', 'Crime', 'Drama']",['David Ward'],Sting,70735,./data/IMSDB/texts/Sting.txt,,,,,,,,,,,,,
1000,Strangers on a Train,"['Drama', 'Film-Noir', 'Thriller']","['Raymond Chandler', 'Czenzi Ormonde']",Strangers_on_a_Train,44079,./data/IMSDB/texts/Strangers_on_a_Train.txt,,,,,,,,,,,,,
1001,"Stuntman, The","['Action', 'Adventure', 'Comedy', 'Drama', 'Romance', 'Thriller']","['Lawrence B. Marcus', 'Richard Rush', 'Paul Brodeur']",Stuntman,81568,./data/IMSDB/texts/Stuntman.txt,,,,,,,,,,,,,
1002,Sugar,['Drama'],"['Anna Boden', 'Ryan Fleck']",Sugar,990413,./data/IMSDB/texts/Sugar.txt,https://www.boxofficemojo.com/release/rl3161622017,Sony Pictures Classics,"60,140",11,"Apr 3, 2009",273 days,R,114.0,"['Drama', 'Sport']",51,"1,082,124","1,144,438",
1004,Sunset Blvd.,"['Drama', 'Film-Noir']","['Charles Brackett', 'Billy Wilder', 'D.M. Harshman Jr.']",Sunset_Blvd,43014,./data/IMSDB/texts/Sunset_Blvd.txt,,,,,,,,,,,,,
1008,Supergirl,"['Sci-Fi', 'Adventure', 'Fantasy', 'Action']",['David Odell'],Supergirl,4016454,./data/IMSDB/texts/Supergirl.txt,,,,,,,,,,,,,
1009,"Surfer King, The",['Comedy'],['Bernard Murray Jr'],Surfer_King,5214418,./data/IMSDB/texts/Surfer_King.txt,,,,,,,,,,,,,
1014,Sweet Smell of Success,"['Drama', 'Film-Noir']","['Ernest Lehman', 'Clifford Odets']",Sweet_Smell_of_Success,51036,./data/IMSDB/texts/Sweet_Smell_of_Success.txt,,,,,,,,,,,,,
1021,"Taking of Pelham One Two Three, The","['Crime', 'Drama', 'Thriller']","['Peter Stone', 'John Godey']",Taking_of_Pelham_One_Two_Three,72251,./data/IMSDB/texts/Taking_of_Pelham_One_Two_Three.txt,,,,,,,,,,,,,
1022,Taking Sides,"['Drama', 'Music']",['Ronald Harwood'],Taking_Sides,260414,./data/IMSDB/texts/Taking_Sides.txt,https://www.boxofficemojo.com/release/rl1584760321,New Yorker Films,"22,051",2,"Sep 5, 2003",484 days,,108.0,"['Drama', 'Music', 'War']",9,"188,952","422,832",
1024,Tall in the Saddle,"['Mystery', 'Western', 'Romance']","['Michael Hogan', 'Paul P Fix', 'Gordon Ray Young']",Tall_in_the_Saddle,37343,./data/IMSDB/texts/Tall_in_the_Saddle.txt,,,,,,,,,,,,,
1025,Tamara Drewe,"['Comedy', 'Drama', 'Romance']",['Moira Buffini'],Tamara_Drewe,1486190,./data/IMSDB/texts/Tamara_Drewe.txt,https://www.boxofficemojo.com/release/rl3195373057,Sony Pictures Classics,"18,604",4,"Oct 8, 2010",450 days,R,107.0,"['Comedy', 'Drama', 'Romance']",59,"560,391","12,037,973",
1026,Taxi Driver,"['Crime', 'Drama', 'Thriller']",['Paul Schrader'],Taxi_Driver,75314,./data/IMSDB/texts/Taxi_Driver.txt,,,,,,,,,,,,,
1036,"Thing, The","['Action', 'Horror', 'Sci-Fi', 'Thriller']","['John W. Campbell Jr.', 'Bill Lancaster']",Thing,4574334,./data/IMSDB/texts/Thing.txt,,,,,,,,,,,,,
1037,"Things My Father Never Taught Me, The","['Short', 'Comedy', 'Romance']",['Burleigh Smith'],Things_My_Father_Never_Taught_Me,6728064,./data/IMSDB/texts/Things_My_Father_Never_Taught_Me.txt,,,,,,,,,,,,,
1039,This Boy's Life,['Drama'],['Robert Getchell'],This_Boy's_Life,108330,./data/IMSDB/texts/This_Boy's_Life.txt,https://www.boxofficemojo.com/release/rl1601472001,Warner Bros.,"74,425",3,"(Wide)Apr 9, 1993",267 days,R,115.0,"['Biography', 'Drama']",773,"4,104,962","4,104,962",
1048,Thunderheart,"['Crime', 'Mystery', 'Thriller']",['John Fusco'],Thunderheart,105585,./data/IMSDB/texts/Thunderheart.txt,https://www.boxofficemojo.com/release/rl2608104961,TriStar Pictures,"4,507,425","1,035","Apr 3, 1992",273 days,R,119.0,"['Crime', 'Mystery', 'Thriller']","1,101","22,660,758","22,660,758",
1049,Ticker,"['Action.Thriller', 'Crime']",['Paul B. Margolis'],Ticker,196158,./data/IMSDB/texts/Ticker.txt,,,,,,,,,,,,,
1050,Timber Falls,"['Horror', 'Thriller']","['Dan Kay', 'Tony Giglio']",Timber_Falls,857295,./data/IMSDB/texts/Timber_Falls.txt,,,,,,,,,,,,,
1053,Tin Men,"['Comedy', 'Drama']",['Barry Levinson'],Tin_Men,94155,./data/IMSDB/texts/Tin_Men.txt,https://www.boxofficemojo.com/release/rl3816064513,Walt Disney Studios Motion Pictures,"187,381",9,"(Wide)Mar 6, 1987",301 days,,112.0,"['Comedy', 'Drama']",798,"25,411,386","25,411,386",
1057,To Sleep with Anger,['Drama'],['Charles Burnett'],To_Sleep_with_Anger,2396835,./data/IMSDB/texts/To_Sleep_with_Anger.txt,,,,,,,,,,,,,
1062,"Tourist, The","['Action', 'Drama', 'Thriller']",['Julian Fellowes'],Tourist,80040,./data/IMSDB/texts/Tourist.txt,,,,,,,,,,,,,
1067,Transformers: The Movie,"['Action', 'Animation', 'Family', 'Sci-Fi']",['Ron Friedman'],Transformers:_The_Movie,92106,./data/IMSDB/texts/Transformers:_The_Movie.txt,https://www.boxofficemojo.com/release/rl3212281345,De Laurentiis Entertainment Group (DEG),"1,779,559",990,"Aug 8, 1986",146 days,,84.0,"['Action', 'Adventure', 'Animation', 'Family', 'Sci-Fi']",990,"5,849,647","5,849,647",
1069,Tristan and Isolde,"['Action', 'Adventure', 'Drama', 'Romance']",['Dean Georgaris'],Tristan_and_Isolde,375154,./data/IMSDB/texts/Tristan_and_Isolde.txt,https://www.boxofficemojo.com/release/rl4286023169,Twentieth Century Fox,"6,583,135","1,845","Jan 13, 2006",353 days,PG-13,125.0,"['Action', 'Drama', 'Romance', 'War']","1,845","14,734,633","28,047,963",
1079,Twin Peaks,"['Drama', 'Horror', 'Thriller', 'Mystery']","['Mark Frost', 'David Lynch', 'Robert Engels']",Twin_Peaks,98936,./data/IMSDB/texts/Twin_Peaks.txt,,,,,,,,,,,,,
1082,U Turn,"['Drama', 'Thriller']","['John Ridley', 'Richard Rutowski', 'Oliver Stone']",U_Turn,120399,./data/IMSDB/texts/U_Turn.txt,https://www.boxofficemojo.com/release/rl746161665,Sony Pictures Entertainment (SPE),"2,730,440","1,230","Oct 3, 1997",90 days,R,125.0,"['Crime', 'Drama', 'Thriller']","1,311","6,682,098","6,682,098",
1084,Un Singe en Hiver,"['Comedy', 'Drama']","['Michel Audiard', 'Antoine Blondin', 'François Boyer']",Un_Singe_en_Hiver,56636,./data/IMSDB/texts/Un_Singe_en_Hiver.txt,,,,,,,,,,,,,
1108,War of the Worlds,"['Action', 'Adventure', 'Sci-Fi', 'Thriller']","['Josh Friedman', 'David Koepp']",War_of_the_Worlds,9686194,./data/IMSDB/texts/War_of_the_Worlds.txt,,,,,,,,,,,,,
1109,Warm Springs,"['Biography', 'Drama']",['Margaret Nagle'],Warm_Springs,423510,./data/IMSDB/texts/Warm_Springs.txt,,,,,,,,,,,,,
1110,Warrior,"[' Action', 'Drama']","[""Gavin O'Connor"", 'Anthony Tambakis', 'Cliff Dorfman']",Warrior,5743796,./data/IMSDB/texts/Warrior.txt,,,,,,,,,,,,,
1111,Watchmen,"['Action', 'Fantasy', 'Sci-Fi', 'Thriller']","['David Hayter', 'Alex Tse']",Watchmen,7049682,./data/IMSDB/texts/Watchmen.txt,,,,,,,,,,,,,
1117,While She Was Out,"['Crime', 'Drama', 'Thriller']","['Susan Montford', 'Edward Bryant']",While_She_Was_Out,887971,./data/IMSDB/texts/While_She_Was_Out.txt,,,,,,,,,,,,,
1118,"Whistleblower, The","['Drama', 'Thriller']","['Eilis Kirwan', 'Larysa Kondracki']",Whistleblower,896872,./data/IMSDB/texts/Whistleblower.txt,https://www.boxofficemojo.com/release/rl729515521,The Samuel Goldwyn Company,"61,002",7,"Aug 5, 2011",149 days,R,112.0,"['Biography', 'Crime', 'Drama', 'History', 'Mystery', 'Thriller']",70,"1,124,966","1,870,392",
1119,White Christmas,"['Comedy', 'Musical', 'Romance']","['Norman Krasna', 'Melvin Frank', 'Norman Panama']",White_Christmas,47673,./data/IMSDB/texts/White_Christmas.txt,,,,,,,,,,,,,
1120,White Jazz,"['Crime', 'Drama', 'Mystery', 'Thriller']","['Joe Carnahan', 'Matthew Michael Carnahan']",White_Jazz,12837554,./data/IMSDB/texts/White_Jazz.txt,,,,,,,,,,,,,
1124,Who's Your Daddy,['Comedy'],"['Maria Veltre Druse', 'Jack Sekowski']",Who's_Your_Daddy,1966359,./data/IMSDB/texts/Who's_Your_Daddy.txt,https://www.boxofficemojo.com/release/rl3246228993,Warner Bros.,"3,287,451","2,902","Dec 22, 2017",375 days,R,113.0,"['Comedy', 'Drama']","2,902","17,501,244","25,601,244",
1125,Wild At Heart,"['Crime', 'Drama', 'Romance', 'Thriller']",['David Lynch'],Wild_At_Heart,100935,./data/IMSDB/texts/Wild_At_Heart.txt,https://www.boxofficemojo.com/release/rl1400604161,The Samuel Goldwyn Company,"2,913,764",532,"(Wide)Aug 17, 1990",137 days,,125.0,"['Comedy', 'Crime', 'Drama', 'Thriller']",625,"14,560,247","14,560,247",
1126,"Wild Bunch, The","['Action', 'Western']","['Walon Green', 'Sam Peckinpah']",Wild_Bunch,65214,./data/IMSDB/texts/Wild_Bunch.txt,,,,,,,,,,,,,
1129,Wild Things: Diamonds in the Rough,"['Action', 'Drama', 'Mystery', 'Thriller']","['Andy Hurst', 'Ross Helford']",Wild_Things:_Diamonds_in_the_Rough,448179,./data/IMSDB/texts/Wild_Things:_Diamonds_in_the_Rough.txt,,,,,,,,,,,,,
1131,Willow,"['Action', 'Adventure', 'Comedy', 'Fantasy']","['George Lucas', 'Bob Dolman']",Willow,96446,./data/IMSDB/texts/Willow.txt,https://www.boxofficemojo.com/release/rl2910553601,Metro-Goldwyn-Mayer (MGM),"8,300,169","1,024","May 20, 1988",226 days,,126.0,"['Action', 'Adventure', 'Drama', 'Fantasy', 'Romance']","1,209","57,269,863","57,269,863",
1133,Wind Chill,"['Horror', 'Thriller']","['Joseph Gangemi', 'Steven Katz']",Wind_Chill,486051,./data/IMSDB/texts/Wind_Chill.txt,https://www.boxofficemojo.com/release/rl307594753,Revolution Studios,"20,146",42,"Apr 27, 2007",249 days,R,91.0,"['Drama', 'Horror', 'Thriller']",42,"36,804","285,060",
1134,Withnail and I,['Comedy'],['Bruce Robinson'],Withnail_and_I,94336,./data/IMSDB/texts/Withnail_and_I.txt,,,,,,,,,,,,,
1136,"Wizard of Oz, The","['Adventure', 'Family', 'Fantasy', 'Musical']","['Noel Langley', 'Florence Ryerson', 'Edgar Allen Woolf']",Wizard_of_Oz,32138,./data/IMSDB/texts/Wizard_of_Oz.txt,,,,,,,,,,,,,
1137,"Wolf of Wall Street, The","['Comedy', 'Crime']","['Terence Winter', 'Jordan Belfort']",Wolf_of_Wall_Street,993846,./data/IMSDB/texts/Wolf_of_Wall_Street.txt,,,,,,,,,,,,,
1140,"Woodsman, The",['Drama'],"['Steven Fechter', 'Nicole Kassell']",Woodsman,361127,./data/IMSDB/texts/Woodsman.txt,https://www.boxofficemojo.com/release/rl494568961,Newmarket Films,"53,985",6,"Dec 24, 2004",373 days,R,87.0,['Drama'],84,"1,576,231","4,678,405",
1153,Zerophilia,"['Comedy', 'Romance']",['Martin Curland'],Zerophilia,421090,./data/IMSDB/texts/Zerophilia.txt,https://www.boxofficemojo.com/release/rl3262809601,Microangelo Entertainment,"2,616",1,"Oct 13, 2006",84 days,,90.0,"['Comedy', 'Romance']",2,"7,763","7,763",
